Workbook

Sheet Sheet1
A1: id | B1: surveyPeriodId | C1: mode | D1: assignmentErrorStatusType | E1: approvedByCreator | F1: codeIdentity | G1: assignmentStatusId | H1: assignmentStatusAlias | I1: isTarikSample | J1: data1 | K1: data2 | L1: data3 | M1: data4 | N1: data5 | O1: data6 | P1: data7 | Q1: data8 | R1: data9 | S1: data10 | T1: dateCreated | U1: isActive | V1: sumError | W1: sumRemark | X1: sumClean | Y1: done | Z1: secondary | AA1: longitude | AB1: latitude | AC1: externalDone | AD1: email | AE1: sourceFrom | AF1: listing | AG1: dateModified | AH1: assignmentResponsibility | AI1: assignmentResponsibilityAdmin | AJ1: region | AK1: regionMetadata | AL1: sampleType | AM1: isTarget | AN1: referencedTo | AO1: lockedByUser | AP1: lockedByAnother | AQ1: _partisi
A2: 472a7071-f7d1-4f06-890f-34616d6fa8fb | B2: 28539715-1be1-450e-8d63-2e8ef0dd0596 | C2: ["CAWI"] | D2: 4 | E2: FALSE | F2: 3604 | G2: 0 | H2: DRAFT | I2: FALSE | J2: PT. Nicomas Gemilang (Pengelola Kawasan Industri Nikomas Gemilang) | K2: Jl. Raya Serang - Jkt No.KM, RW.71, Tambak, Kec. Kibin, Kabupaten Serang, Banten 42185 | M2: alek.rhmn@pci.co.id | N2: 97066525 | O2: 8120219171441 | T2: 2026-04-28T09:30:32.285+00:00 | U2: TRUE | V2: 0 | W2: 0 | X2: 0 | Y2: FALSE | Z2: FALSE | AA2: 0 | AB2: 0 | AC2: FALSE | AD2: adnan_fs@gmail.com | AE2: U-CAWI | AF2: FALSE | AG2: 2026-05-11T02:10:51.094+00:00 | AH2: [] | AI2: [] | AJ2: {"id": "71723978-814a-463d-a4cd-e1c582fbd163", "groupId": "106eaacb-2e9d-4f2d-b436-9c1abdacd45e", "versionCode": 1.0, "dateCreated": "2025-04-26T17:20:35.082+00:00", "isActive": true, "level1": {"id": "89dde136-a5c9-4325-ab78-2d382087f68e", "fullCode": "36", "code": "36", "name": "BANTEN", "level2": {"id": "71723978-814a-463d-a4cd-e1c582fbd163", "fullCode": "3604", "code": "04", "name": "SERANG"}}} | AK2: {"id": "106eaacb-2e9d-4f2d-b436-9c1abdacd45e", "levelCount": 2, "smallestRegionLevel": "Kabupaten", "groupName": "MFD Feb25 KABUPATEN", "level": [{"id": 1, "name": "Provinsi"}, {"id": 2, "name": "Kabupaten"}]} | AL2: 1 | AM2: TRUE | AN2: [] | AO2: FALSE | AP2: FALSE | AQ2: PROVINSI
A3: a1bc8fb3-ee34-4be5-bd2f-d90d416a55c1 | B3: 28539715-1be1-450e-8d63-2e8ef0dd0596 | C3: ["CAWI"] | D3: 4 | E3: FALSE | F3: 3601 | G3: 0 | H3: DRAFT | I3: FALSE | J3: BANTEN WEST JAVA TOURISM DEVELOPMENT, PT | K3: Kawasan Pariwisata Tanjung Lesung Kav. R-14B , Desa/Kelurahan Tanjungjaya, Kec. Panimbang, Kab. Pandeglang, Provinsi Banten | M3: Bantenwestjava@gmail.com | N3: 2597036 | O3: 8120314182821 | T3: 2026-04-28T09:30:27.934+00:00 | U3: TRUE | V3: 0 | W3: 0 | X3: 0 | Y3: FALSE | Z3: FALSE | AA3: 0 | AB3: 0 | AC3: FALSE | AD3: Bantenwestjava@gmail.com | AE3: U-CAWI | AF3: FALSE | AG3: 2026-05-11T02:07:28.890+00:00 | AH3: [] | AI3: [] | AJ3: {"id": "2f16d13b-ee82-4892-942b-5130976b3b4a", "groupId": "106eaacb-2e9d-4f2d-b436-9c1abdacd45e", "versionCode": 1.0, "dateCreated": "2025-04-26T17:20:35.045+00:00", "isActive": true, "level1": {"id": "89dde136-a5c9-4325-ab78-2d382087f68e", "fullCode": "36", "code": "36", "name": "BANTEN", "level2": {"id": "2f16d13b-ee82-4892-942b-5130976b3b4a", "fullCode": "3601", "code": "01", "name": "PANDEGLANG"}}} | AK3: {"id": "106eaacb-2e9d-4f2d-b436-9c1abdacd45e", "levelCount": 2, "smallestRegionLevel": "Kabupaten", "groupName": "MFD Feb25 KABUPATEN", "level": [{"id": 1, "name": "Provinsi"}, {"id": 2, "name": "Kabupaten"}]} | AL3: 1 | AM3: TRUE | AN3: [] | AO3: FALSE | AP3: FALSE | AQ3: PROVINSI
A4: 898486c7-a9b6-4e7f-8e0c-bd47dad64aec | B4: 28539715-1be1-450e-8d63-2e8ef0dd0596 | C4: ["CAWI"] | D4: 1 | E4: FALSE | F4: 9120200800357 | G4: 0 | H4: OPEN | I4: FALSE | J4: Universitas Ichsan Satya | K4: Cluster Sudimara Jombang No. 18, Kelurahan Jombang, Kec. Ciputat, Tangerang Selatan, Banten | T4: 2026-05-11T01:49:58.545+00:00 | U4: TRUE | V4: 0 | W4: 0 | X4: 0 | Y4: FALSE | Z4: FALSE | AC4: FALSE | AD4: hrd.uisbintaro@gmail.com | AF4: FALSE | AG4: 2026-05-11T01:49:58.545+00:00 | AH4: [] | AI4: [] | AJ4: {"id": "3c7d6867-32a0-4006-9d0a-b8d39ff646d1", "groupId": "106eaacb-2e9d-4f2d-b436-9c1abdacd45e", "versionCode": 1.0, "dateCreated": "2025-04-26T17:20:35.126+00:00", "isActive": true, "level1": {"id": "89dde136-a5c9-4325-ab78-2d382087f68e", "fullCode": "36", "code": "36", "name": "BANTEN", "level2": {"id": "3c7d6867-32a0-4006-9d0a-b8d39ff646d1", "fullCode": "3674", "code": "74", "name": "TANGERANG SELATAN"}}} | AK4: {"id": "106eaacb-2e9d-4f2d-b436-9c1abdacd45e", "levelCount": 2, "smallestRegionLevel": "Kabupaten", "groupName": "MFD Feb25 KABUPATEN", "level": [{"id": 1, "name": "Provinsi"}, {"id": 2, "name": "Kabupaten"}]} | AL4: 1 | AM4: TRUE | AN4: [] | AO4: FALSE | AP4: FALSE | AQ4: PROVINSI
A5: e5160765-1431-48fa-a33a-c9a28875b335 | B5: 28539715-1be1-450e-8d63-2e8ef0dd0596 | C5: ["CAWI"] | D5: 4 | E5: FALSE | F5: 3603 | G5: 0 | H5: DRAFT | I5: FALSE | J5: Putera Daya Perkasa, PT PNDN | K5: Jalan Raya Pasar Kemis Km 7 rt 003 rw 003 Ds Suka Asih Pasar Kemis Kab Tangerang Banten | N5: 7479119 | O5: 10505220001783 | T5: 2026-04-28T09:30:29.185+00:00 | U5: TRUE | V5: 0 | W5: 0 | X5: 0 | Y5: FALSE | Z5: FALSE | AA5: 0 | AB5: 0 | AC5: FALSE | AD5: puteradayaperkasa@gmail.com | AE5: U-CAWI | AF5: FALSE | AG5: 2026-05-09T08:10:25.940+00:00 | AH5: [] | AI5: [] | AJ5: {"id": "4dbdaf00-9318-4ea5-91e0-0fb0814f5c04", "groupId": "106eaacb-2e9d-4f2d-b436-9c1abdacd45e", "versionCode": 1.0, "dateCreated": "2025-04-26T17:20:35.071+00:00", "isActive": true, "level1": {"id": "89dde136-a5c9-4325-ab78-2d382087f68e", "fullCode": "36", "code": "36", "name": "BANTEN", "level2": {"id": "4dbdaf00-9318-4ea5-91e0-0fb0814f5c04", "fullCode": "3603", "code": "03", "name": "TANGERANG"}}} | AK5: {"id": "106eaacb-2e9d-4f2d-b436-9c1abdacd45e", "levelCount": 2, "smallestRegionLevel": "Kabupaten", "groupName": "MFD Feb25 KABUPATEN", "level": [{"id": 1, "name": "Provinsi"}, {"id": 2, "name": "Kabupaten"}]} | AL5: 1 | AM5: TRUE | AN5: [] | AO5: FALSE | AP5: FALSE | AQ5: PROVINSI
A6: 99bd5047-2933-4739-a343-fe253ecb6090 | B6: 28539715-1be1-450e-8d63-2e8ef0dd0596 | C6: ["CAWI"] | D6: 4 | E6: FALSE | F6: 8120310033308 | G6: 0 | H6: DRAFT | I6: FALSE | J6: Yayasan Pendidikan Insan Pembangunan | K6: Jl. Raya Serang KM. 10, Bitung, Tangerang, Banten | M6: info@unipem.ac.id | T6: 2026-05-08T07:52:58.930+00:00 | U6: TRUE | V6: 0 | W6: 0 | X6: 0 | Y6: FALSE | Z6: FALSE | AA6: 0 | AB6: 0 | AC6: FALSE | AD6: info@unipem.ac.id | AE6: CAWI | AF6: FALSE | AG6: 2026-05-09T06:04:58.727+00:00 | AH6: [] | AI6: [] | AJ6: {"id": "4dbdaf00-9318-4ea5-91e0-0fb0814f5c04", "groupId": "106eaacb-2e9d-4f2d-b436-9c1abdacd45e", "versionCode": 1.0, "dateCreated": "2025-04-26T17:20:35.071+00:00", "isActive": true, "level1": {"id": "89dde136-a5c9-4325-ab78-2d382087f68e", "fullCode": "36", "code": "36", "name": "BANTEN", "level2": {"id": "4dbdaf00-9318-4ea5-91e0-0fb0814f5c04", "fullCode": "3603", "code": "03", "name": "TANGERANG"}}} | AK6: {"id": "106eaacb-2e9d-4f2d-b436-9c1abdacd45e", "levelCount": 2, "smallestRegionLevel": "Kabupaten", "groupName": "MFD Feb25 KABUPATEN", "level": [{"id": 1, "name": "Provinsi"}, {"id": 2, "name": "Kabupaten"}]} | AL6: 1 | AM6: TRUE | AN6: [] | AO6: FALSE | AP6: FALSE | AQ6: PROVINSI
A7: b3836adf-9133-40a9-b7df-54ff76cfd593 | B7: 28539715-1be1-450e-8d63-2e8ef0dd0596 | C7: ["CAWI"] | D7: 4 | E7: FALSE | F7: 3603 | G7: 0 | H7: DRAFT | I7: FALSE | J7: PT. Bangun Laksana Persada | K7: Marketing Gallery Agung Intiland, Jl. Raya Kali Baru, Desa Laksana, Kecamatan Pakuhaji, Kabupaten Tangerang, Banten | N7: 3589409 | O7: 8120014171632 | T7: 2026-04-28T09:30:30.852+00:00 | U7: TRUE | V7: 0 | W7: 0 | X7: 0 | Y7: FALSE | Z7: FALSE | AA7: 0 | AB7: 0 | AC7: FALSE | AD7: harianto.widjaja@agungintiland.com | AE7: U-CAWI | AF7: FALSE | AG7: 2026-05-09T04:17:58.955+00:00 | AH7: [] | AI7: [] | AJ7: {"id": "4dbdaf00-9318-4ea5-91e0-0fb0814f5c04", "groupId": "106eaacb-2e9d-4f2d-b436-9c1abdacd45e", "versionCode": 1.0, "dateCreated": "2025-04-26T17:20:35.071+00:00", "isActive": true, "level1": {"id": "89dde136-a5c9-4325-ab78-2d382087f68e", "fullCode": "36", "code": "36", "name": "BANTEN", "level2": {"id": "4dbdaf00-9318-4ea5-91e0-0fb0814f5c04", "fullCode": "3603", "code": "03", "name": "TANGERANG"}}} | AK7: {"id": "106eaacb-2e9d-4f2d-b436-9c1abdacd45e", "levelCount": 2, "smallestRegionLevel": "Kabupaten", "groupName": "MFD Feb25 KABUPATEN", "level": [{"id": 1, "name": "Provinsi"}, {"id": 2, "name": "Kabupaten"}]} | AL7: 1 | AM7: TRUE | AN7: [] | AO7: FALSE | AP7: FALSE | AQ7: PROVINSI
A8: 14e2fb38-a216-4598-a719-1f1f381f2446 | B8: 28539715-1be1-450e-8d63-2e8ef0dd0596 | C8: ["CAWI"] | D8: 4 | E8: FALSE | F8: 3673 | G8: 5 | H8: SUBMITTED RESPONDENT | I8: FALSE | J8: Universitas Bina Bangsa | K8: Jl. Raya Serang Jakarta Km.03 No. 1.B (Pakupatan) Kota Serang Banten | M8: kerjasama@binabangsa.ac.id | N8: 6492913 | T8: 2026-04-28T09:30:36.857+00:00 | U8: TRUE | V8: 0 | W8: 0 | X8: 0 | Y8: FALSE | Z8: FALSE | AA8: 0 | AB8: 0 | AC8: TRUE | AD8: gatot.hartoko@yahoo.co.id | AE8: U-CAWI | AF8: FALSE | AG8: 2026-05-09T04:00:15.778+00:00 | AH8: [] | AI8: [] | AJ8: {"id": "928a6a1c-6a9d-467c-84b7-8807a54f5e68", "groupId": "106eaacb-2e9d-4f2d-b436-9c1abdacd45e", "versionCode": 1.0, "dateCreated": "2025-04-26T17:20:35.115+00:00", "isActive": true, "level1": {"id": "89dde136-a5c9-4325-ab78-2d382087f68e", "fullCode": "36", "code": "36", "name": "BANTEN", "level2": {"id": "928a6a1c-6a9d-467c-84b7-8807a54f5e68", "fullCode": "3673", "code": "73", "name": "SERANG"}}} | AK8: {"id": "106eaacb-2e9d-4f2d-b436-9c1abdacd45e", "levelCount": 2, "smallestRegionLevel": "Kabupaten", "groupName": "MFD Feb25 KABUPATEN", "level": [{"id": 1, "name": "Provinsi"}, {"id": 2, "name": "Kabupaten"}]} | AL8: 1 | AM8: TRUE | AN8: [] | AO8: FALSE | AP8: FALSE | AQ8: PROVINSI
A9: 262a98b3-fdf5-49a2-91a7-dd775134a4c9 | B9: 28539715-1be1-450e-8d63-2e8ef0dd0596 | C9: ["CAWI"] | D9: 4 | E9: FALSE | F9: NIBmowm6n4728 | G9: 0 | H9: DRAFT | I9: FALSE | J9: Universitas Pamulang | K9: JL. SURYA KENCANA NO. 1, PAMULANG BARAT, KEC. PAMULANG, KOTA TANGERANG SELATAN | M9: humas@unpam.ac.id | T9: 2026-05-08T07:54:55.253+00:00 | U9: TRUE | V9: 0 | W9: 0 | X9: 0 | Y9: FALSE | Z9: FALSE | AA9: 0 | AB9: 0 | AC9: FALSE | AD9: humas@unpam.ac.id | AE9: CAWI | AF9: FALSE | AG9: 2026-05-08T09:52:36.454+00:00 | AH9: [] | AI9: [] | AJ9: {"id": "3c7d6867-32a0-4006-9d0a-b8d39ff646d1", "groupId": "106eaacb-2e9d-4f2d-b436-9c1abdacd45e", "versionCode": 1.0, "dateCreated": "2025-04-26T17:20:35.126+00:00", "isActive": true, "level1": {"id": "89dde136-a5c9-4325-ab78-2d382087f68e", "fullCode": "36", "code": "36", "name": "BANTEN", "level2": {"id": "3c7d6867-32a0-4006-9d0a-b8d39ff646d1", "fullCode": "3674", "code": "74", "name": "TANGERANG SELATAN"}}} | AK9: {"id": "106eaacb-2e9d-4f2d-b436-9c1abdacd45e", "levelCount": 2, "smallestRegionLevel": "Kabupaten", "groupName": "MFD Feb25 KABUPATEN", "level": [{"id": 1, "name": "Provinsi"}, {"id": 2, "name": "Kabupaten"}]} | AL9: 1 | AM9: TRUE | AN9: [] | AO9: FALSE | AP9: FALSE | AQ9: PROVINSI
A10: 3537f5ad-8c05-4cae-8874-9a5074e8dc6c | B10: 28539715-1be1-450e-8d63-2e8ef0dd0596 | C10: ["CAWI"] | D10: 4 | E10: FALSE | F10: 0265010231748 | G10: 0 | H10: DRAFT | I10: FALSE | J10: Institut Teknologi dan Bisnis Bina Sarana Global | K10: Jl.Aria Santika No.43 Margasari,Kec.Karawaci,Kota Tangerang | M10: hrd@global.ac.id | O10: 0265010231748 | T10: 2026-05-08T07:59:59.900+00:00 | U10: TRUE | V10: 0 | W10: 0 | X10: 0 | Y10: FALSE | Z10: FALSE | AA10: 0 | AB10: 0 | AC10: FALSE | AD10: hrd@global.ac.id | AE10: CAWI | AF10: FALSE | AG10: 2026-05-08T09:15:15.141+00:00 | AH10: [] | AI10: [] | AJ10: {"id": "4dbdaf00-9318-4ea5-91e0-0fb0814f5c04", "groupId": "106eaacb-2e9d-4f2d-b436-9c1abdacd45e", "versionCode": 1.0, "dateCreated": "2025-04-26T17:20:35.071+00:00", "isActive": true, "level1": {"id": "89dde136-a5c9-4325-ab78-2d382087f68e", "fullCode": "36", "code": "36", "name": "BANTEN", "level2": {"id": "4dbdaf00-9318-4ea5-91e0-0fb0814f5c04", "fullCode": "3603", "code": "03", "name": "TANGERANG"}}} | AK10: {"id": "106eaacb-2e9d-4f2d-b436-9c1abdacd45e", "levelCount": 2, "smallestRegionLevel": "Kabupaten", "groupName": "MFD Feb25 KABUPATEN", "level": [{"id": 1, "name": "Provinsi"}, {"id": 2, "name": "Kabupaten"}]} | AL10: 1 | AM10: TRUE | AN10: [] | AO10: FALSE | AP10: FALSE | AQ10: PROVINSI
A11: d966a362-1e9b-48a5-a672-c59725728b39 | B11: 28539715-1be1-450e-8d63-2e8ef0dd0596 | C11: ["CAWI"] | D11: 4 | E11: FALSE | F11: NIBmowem1546A | G11: 5 | H11: SUBMITTED RESPONDENT | I11: FALSE | J11: XYZ, PT | K11: Jl. Syekh An Nawawi | M11: rtfanir@gmail.com | O11: 1241234567890 | T11: 2026-05-08T04:19:14.938+00:00 | U11: TRUE | V11: 0 | W11: 0 | X11: 0 | Y11: FALSE | Z11: FALSE | AA11: 0 | AB11: 0 | AC11: TRUE | AD11: rtfanir@gmail.com | AE11: CAWI | AF11: FALSE | AG11: 2026-05-08T08:59:39.246+00:00 | AH11: [] | AI11: [] | AJ11: {"id": "928a6a1c-6a9d-467c-84b7-8807a54f5e68", "groupId": "106eaacb-2e9d-4f2d-b436-9c1abdacd45e", "versionCode": 1.0, "dateCreated": "2025-04-26T17:20:35.115+00:00", "isActive": true, "level1": {"id": "89dde136-a5c9-4325-ab78-2d382087f68e", "fullCode": "36", "code": "36", "name": "BANTEN", "level2": {"id": "928a6a1c-6a9d-467c-84b7-8807a54f5e68", "fullCode": "3673", "code": "73", "name": "SERANG"}}} | AK11: {"id": "106eaacb-2e9d-4f2d-b436-9c1abdacd45e", "levelCount": 2, "smallestRegionLevel": "Kabupaten", "groupName": "MFD Feb25 KABUPATEN", "level": [{"id": 1, "name": "Provinsi"}, {"id": 2, "name": "Kabupaten"}]} | AL11: 1 | AM11: TRUE | AN11: [] | AO11: FALSE | AP11: FALSE | AQ11: PROVINSI
A12: dabe734e-2542-4cd9-a3cb-40a2b5fe900c | B12: 28539715-1be1-450e-8d63-2e8ef0dd0596 | C12: ["CAWI"] | D12: 4 | E12: FALSE | F12: NIBmowm6r05B4 | G12: 0 | H12: DRAFT | I12: FALSE | J12: UNIVERSITAS AL-KHAIRIYAH | K12: JL.H.ENGGUS ARJA NO 1 CILEGON | M12: keufeb2025@gmail.com | T12: 2026-05-08T08:01:48.230+00:00 | U12: TRUE | V12: 0 | W12: 0 | X12: 0 | Y12: FALSE | Z12: FALSE | AA12: 0 | AB12: 0 | AC12: FALSE | AD12: keufeb2025@gmail.com | AE12: CAWI | AF12: FALSE | AG12: 2026-05-08T08:45:24.295+00:00 | AH12: [] | AI12: [] | AJ12: {"id": "a4276ff7-8dfc-4165-8df4-af6422d59ce3", "groupId": "106eaacb-2e9d-4f2d-b436-9c1abdacd45e", "versionCode": 1.0, "dateCreated": "2025-04-26T17:20:35.105+00:00", "isActive": true, "level1": {"id": "89dde136-a5c9-4325-ab78-2d382087f68e", "fullCode": "36", "code": "36", "name": "BANTEN", "level2": {"id": "a4276ff7-8dfc-4165-8df4-af6422d59ce3", "fullCode": "3672", "code": "72", "name": "CILEGON"}}} | AK12: {"id": "106eaacb-2e9d-4f2d-b436-9c1abdacd45e", "levelCount": 2, "smallestRegionLevel": "Kabupaten", "groupName": "MFD Feb25 KABUPATEN", "level": [{"id": 1, "name": "Provinsi"}, {"id": 2, "name": "Kabupaten"}]} | AL12: 1 | AM12: TRUE | AN12: [] | AO12: FALSE | AP12: FALSE | AQ12: PROVINSI
A13: 630c5689-4264-4717-9468-5bc8edc74da8 | B13: 28539715-1be1-450e-8d63-2e8ef0dd0596 | C13: ["CAWI"] | D13: 4 | E13: FALSE | F13: NIBmowm7jCEF2 | G13: 0 | H13: DRAFT | I13: FALSE | J13: Yayasan Islam Syekh-Yusuf | K13: Jl Maulana Yusuf, Kelurahan Babakan, Kecamatan Tangerang, Kota Tangerang | M13: anggi@unis.ac.id | T13: 2026-05-08T07:56:19.263+00:00 | U13: TRUE | V13: 0 | W13: 0 | X13: 0 | Y13: FALSE | Z13: FALSE | AA13: 0 | AB13: 0 | AC13: FALSE | AD13: anggi@unis.ac.id | AE13: CAWI | AF13: FALSE | AG13: 2026-05-08T08:38:58.724+00:00 | AH13: [] | AI13: [] | AJ13: {"id": "bfce7f62-5d5a-4ddb-aa9a-1cc4f918ddf0", "groupId": "106eaacb-2e9d-4f2d-b436-9c1abdacd45e", "versionCode": 1.0, "dateCreated": "2025-04-26T17:20:35.094+00:00", "isActive": true, "level1": {"id": "89dde136-a5c9-4325-ab78-2d382087f68e", "fullCode": "36", "code": "36", "name": "BANTEN", "level2": {"id": "bfce7f62-5d5a-4ddb-aa9a-1cc4f918ddf0", "fullCode": "3671", "code": "71", "name": "TANGERANG"}}} | AK13: {"id": "106eaacb-2e9d-4f2d-b436-9c1abdacd45e", "levelCount": 2, "smallestRegionLevel": "Kabupaten", "groupName": "MFD Feb25 KABUPATEN", "level": [{"id": 1, "name": "Provinsi"}, {"id": 2, "name": "Kabupaten"}]} | AL13: 1 | AM13: TRUE | AN13: [] | AO13: FALSE | AP13: FALSE | AQ13: PROVINSI
A14: 07b64917-8970-4aaa-afcf-d36bd2032848 | B14: 28539715-1be1-450e-8d63-2e8ef0dd0596 | C14: ["CAWI"] | D14: 4 | E14: FALSE | F14: NIBmowm5811C1 | G14: 0 | H14: DRAFT | I14: FALSE | J14: Yayasan Setia Budhi Rangkasbitung | K14: Komplek Pendidikan, Jl Budi Utomo No 22L, Lebak - Banten | M14: humas@usbr.ac.id | T14: 2026-05-08T07:49:58.869+00:00 | U14: TRUE | V14: 0 | W14: 0 | X14: 0 | Y14: FALSE | Z14: FALSE | AA14: 0 | AB14: 0 | AC14: FALSE | AD14: humas@usbr.ac.id | AE14: CAWI | AF14: FALSE | AG14: 2026-05-08T08:37:15.547+00:00 | AH14: [] | AI14: [] | AJ14: {"id": "b76d07d3-6c8d-4155-a3c4-38a079c268ec", "groupId": "106eaacb-2e9d-4f2d-b436-9c1abdacd45e", "versionCode": 1.0, "dateCreated": "2025-04-26T17:20:35.059+00:00", "isActive": true, "level1": {"id": "89dde136-a5c9-4325-ab78-2d382087f68e", "fullCode": "36", "code": "36", "name": "BANTEN", "level2": {"id": "b76d07d3-6c8d-4155-a3c4-38a079c268ec", "fullCode": "3602", "code": "02", "name": "LEBAK"}}} | AK14: {"id": "106eaacb-2e9d-4f2d-b436-9c1abdacd45e", "levelCount": 2, "smallestRegionLevel": "Kabupaten", "groupName": "MFD Feb25 KABUPATEN", "level": [{"id": 1, "name": "Provinsi"}, {"id": 2, "name": "Kabupaten"}]} | AL14: 1 | AM14: TRUE | AN14: [] | AO14: FALSE | AP14: FALSE | AQ14: PROVINSI
A15: 38e23fbb-f66f-4933-bcf1-44ff33d6944a | B15: 28539715-1be1-450e-8d63-2e8ef0dd0596 | C15: ["CAWI"] | D15: 4 | E15: FALSE | F15: NIBmowm6t7C96 | G15: 0 | H15: DRAFT | I15: FALSE | J15: UNIVERSTAS SITUS JAYA BANTEN | K15: Jl. Bhayangkara, Cipocok Jaya, Kota Serang, BANTEN | M15: unsijabanten2025@gmail.com | O15: 5072010 | T15: 2026-05-08T07:54:01.053+00:00 | U15: TRUE | V15: 0 | W15: 0 | X15: 0 | Y15: FALSE | Z15: FALSE | AA15: 0 | AB15: 0 | AC15: FALSE | AD15: unsijabanten2025@gmail.com | AE15: CAWI | AF15: FALSE | AG15: 2026-05-08T08:37:11.418+00:00 | AH15: [] | AI15: [] | AJ15: {"id": "2f16d13b-ee82-4892-942b-5130976b3b4a", "groupId": "106eaacb-2e9d-4f2d-b436-9c1abdacd45e", "versionCode": 1.0, "dateCreated": "2025-04-26T17:20:35.045+00:00", "isActive": true, "level1": {"id": "89dde136-a5c9-4325-ab78-2d382087f68e", "fullCode": "36", "code": "36", "name": "BANTEN", "level2": {"id": "2f16d13b-ee82-4892-942b-5130976b3b4a", "fullCode": "3601", "code": "01", "name": "PANDEGLANG"}}} | AK15: {"id": "106eaacb-2e9d-4f2d-b436-9c1abdacd45e", "levelCount": 2, "smallestRegionLevel": "Kabupaten", "groupName": "MFD Feb25 KABUPATEN", "level": [{"id": 1, "name": "Provinsi"}, {"id": 2, "name": "Kabupaten"}]} | AL15: 1 | AM15: TRUE | AN15: [] | AO15: FALSE | AP15: FALSE | AQ15: PROVINSI
A16: fcbe96de-cccb-4b88-a9a4-0b64c55ce32d | B16: 28539715-1be1-450e-8d63-2e8ef0dd0596 | C16: ["CAWI"] | D16: 4 | E16: FALSE | F16: NIBmowm1b3D97 | G16: 0 | H16: DRAFT | I16: FALSE | J16: Yayasan Andalusia Nusantara Jakarta | K16: JL. KUTAI RAYA NO 1 PERUMNAS III BENCONGAN KELAPA DUA KAB TANGERANG | M16: stikes@andalusia.ac.id | T16: 2026-05-08T07:52:05.837+00:00 | U16: TRUE | V16: 0 | W16: 0 | X16: 0 | Y16: FALSE | Z16: FALSE | AA16: 0 | AB16: 0 | AC16: FALSE | AD16: stikes@andalusia.ac.id | AE16: CAWI | AF16: FALSE | AG16: 2026-05-08T08:36:47.440+00:00 | AH16: [] | AI16: [] | AJ16: {"id": "4dbdaf00-9318-4ea5-91e0-0fb0814f5c04", "groupId": "106eaacb-2e9d-4f2d-b436-9c1abdacd45e", "versionCode": 1.0, "dateCreated": "2025-04-26T17:20:35.071+00:00", "isActive": true, "level1": {"id": "89dde136-a5c9-4325-ab78-2d382087f68e", "fullCode": "36", "code": "36", "name": "BANTEN", "level2": {"id": "4dbdaf00-9318-4ea5-91e0-0fb0814f5c04", "fullCode": "3603", "code": "03", "name": "TANGERANG"}}} | AK16: {"id": "106eaacb-2e9d-4f2d-b436-9c1abdacd45e", "levelCount": 2, "smallestRegionLevel": "Kabupaten", "groupName": "MFD Feb25 KABUPATEN", "level": [{"id": 1, "name": "Provinsi"}, {"id": 2, "name": "Kabupaten"}]} | AL16: 1 | AM16: TRUE | AN16: [] | AO16: FALSE | AP16: FALSE | AQ16: PROVINSI
A17: 62fb1a58-f33d-4adc-8aab-4a36d0af2c01 | B17: 28539715-1be1-450e-8d63-2e8ef0dd0596 | C17: ["CAWI"] | D17: 4 | E17: FALSE | F17: 0233010212626 | G17: 0 | H17: DRAFT | I17: FALSE | J17: POLITEKNIK PGRI BANTEN | K17: Jl raya serang cilegon km 12 desa serdang kec.kramatwatu kab serang | M17: mila@politeknikpgribanten.ac.id | O17: 0233010212626 | T17: 2026-05-08T07:52:47.231+00:00 | U17: TRUE | V17: 0 | W17: 0 | X17: 0 | Y17: FALSE | Z17: FALSE | AA17: 0 | AB17: 0 | AC17: FALSE | AD17: mila@politeknikpgribanten.ac.id | AE17: CAWI | AF17: FALSE | AG17: 2026-05-08T08:32:07.934+00:00 | AH17: [] | AI17: [] | AJ17: {"id": "71723978-814a-463d-a4cd-e1c582fbd163", "groupId": "106eaacb-2e9d-4f2d-b436-9c1abdacd45e", "versionCode": 1.0, "dateCreated": "2025-04-26T17:20:35.082+00:00", "isActive": true, "level1": {"id": "89dde136-a5c9-4325-ab78-2d382087f68e", "fullCode": "36", "code": "36", "name": "BANTEN", "level2": {"id": "71723978-814a-463d-a4cd-e1c582fbd163", "fullCode": "3604", "code": "04", "name": "SERANG"}}} | AK17: {"id": "106eaacb-2e9d-4f2d-b436-9c1abdacd45e", "levelCount": 2, "smallestRegionLevel": "Kabupaten", "groupName": "MFD Feb25 KABUPATEN", "level": [{"id": 1, "name": "Provinsi"}, {"id": 2, "name": "Kabupaten"}]} | AL17: 1 | AM17: TRUE | AN17: [] | AO17: FALSE | AP17: FALSE | AQ17: PROVINSI
A18: 1b3e2710-b65c-4186-a010-d88bc2734a67 | B18: 28539715-1be1-450e-8d63-2e8ef0dd0596 | C18: ["CAWI"] | D18: 4 | E18: FALSE | F18: NIBmowm6pEA16 | G18: 0 | H18: DRAFT | I18: FALSE | J18: STIKES FAATHIR HUSADA | K18: Jl. Rata saga No. 20 Desa Saga Kec Balaraja Kab Tangerang | M18: firazmunafirst3307@gmail.com | O18: 2502250053023 | T18: 2026-05-08T07:55:00.219+00:00 | U18: TRUE | V18: 0 | W18: 0 | X18: 0 | Y18: FALSE | Z18: FALSE | AA18: 0 | AB18: 0 | AC18: FALSE | AD18: firazmunafirst3307@gmail.com | AE18: CAWI | AF18: FALSE | AG18: 2026-05-08T08:30:02.893+00:00 | AH18: [] | AI18: [] | AJ18: {"id": "4dbdaf00-9318-4ea5-91e0-0fb0814f5c04", "groupId": "106eaacb-2e9d-4f2d-b436-9c1abdacd45e", "versionCode": 1.0, "dateCreated": "2025-04-26T17:20:35.071+00:00", "isActive": true, "level1": {"id": "89dde136-a5c9-4325-ab78-2d382087f68e", "fullCode": "36", "code": "36", "name": "BANTEN", "level2": {"id": "4dbdaf00-9318-4ea5-91e0-0fb0814f5c04", "fullCode": "3603", "code": "03", "name": "TANGERANG"}}} | AK18: {"id": "106eaacb-2e9d-4f2d-b436-9c1abdacd45e", "levelCount": 2, "smallestRegionLevel": "Kabupaten", "groupName": "MFD Feb25 KABUPATEN", "level": [{"id": 1, "name": "Provinsi"}, {"id": 2, "name": "Kabupaten"}]} | AL18: 1 | AM18: TRUE | AN18: [] | AO18: FALSE | AP18: FALSE | AQ18: PROVINSI
A19: 404d7d67-ea88-4169-ad3b-5c53b97401eb | B19: 28539715-1be1-450e-8d63-2e8ef0dd0596 | C19: ["CAWI"] | D19: 4 | E19: FALSE | F19: NIBmowmapEEC4 | G19: 0 | H19: DRAFT | I19: FALSE | J19: UNIVERSITAS DHARMA INDONESIA | K19: JL. RAYA SERANG KAM 18,2 SUKANEGARA KEC. CIKUPA TANGERANG BANTEN 15710 | M19: universitasdharmaindonesia@gmail.com | T19: 2026-05-08T07:59:53.663+00:00 | U19: TRUE | V19: 0 | W19: 0 | X19: 0 | Y19: FALSE | Z19: FALSE | AA19: 0 | AB19: 0 | AC19: FALSE | AD19: universitasdharmaindonesia@gmail.com | AE19: CAWI | AF19: FALSE | AG19: 2026-05-08T08:23:25.378+00:00 | AH19: [] | AI19: [] | AJ19: {"id": "4dbdaf00-9318-4ea5-91e0-0fb0814f5c04", "groupId": "106eaacb-2e9d-4f2d-b436-9c1abdacd45e", "versionCode": 1.0, "dateCreated": "2025-04-26T17:20:35.071+00:00", "isActive": true, "level1": {"id": "89dde136-a5c9-4325-ab78-2d382087f68e", "fullCode": "36", "code": "36", "name": "BANTEN", "level2": {"id": "4dbdaf00-9318-4ea5-91e0-0fb0814f5c04", "fullCode": "3603", "code": "03", "name": "TANGERANG"}}} | AK19: {"id": "106eaacb-2e9d-4f2d-b436-9c1abdacd45e", "levelCount": 2, "smallestRegionLevel": "Kabupaten", "groupName": "MFD Feb25 KABUPATEN", "level": [{"id": 1, "name": "Provinsi"}, {"id": 2, "name": "Kabupaten"}]} | AL19: 1 | AM19: TRUE | AN19: [] | AO19: FALSE | AP19: FALSE | AQ19: PROVINSI
A20: 8aa28ec9-94fc-4dbc-b098-d7e16939b990 | B20: 28539715-1be1-450e-8d63-2e8ef0dd0596 | C20: ["CAWI"] | D20: 4 | E20: FALSE | F20: 2110220032153 | G20: 0 | H20: DRAFT | I20: FALSE | J20: YAYASAN INDONESIA SAINS DAN MANAJEMEN JAKARTA | K20: KOMPLEK PERUMAHAN SUDIRMAN INDAH BLOK E, TIGARAKSA, KAB. TANGERANG | M20: info@untara.ac.id | O20: 2110220032153 | T20: 2026-05-08T07:53:11.842+00:00 | U20: TRUE | V20: 0 | W20: 0 | X20: 0 | Y20: FALSE | Z20: FALSE | AA20: 0 | AB20: 0 | AC20: FALSE | AD20: info@untara.ac.id | AE20: CAWI | AF20: FALSE | AG20: 2026-05-08T08:22:37.560+00:00 | AH20: [] | AI20: [] | AJ20: {"id": "4dbdaf00-9318-4ea5-91e0-0fb0814f5c04", "groupId": "106eaacb-2e9d-4f2d-b436-9c1abdacd45e", "versionCode": 1.0, "dateCreated": "2025-04-26T17:20:35.071+00:00", "isActive": true, "level1": {"id": "89dde136-a5c9-4325-ab78-2d382087f68e", "fullCode": "36", "code": "36", "name": "BANTEN", "level2": {"id": "4dbdaf00-9318-4ea5-91e0-0fb0814f5c04", "fullCode": "3603", "code": "03", "name": "TANGERANG"}}} | AK20: {"id": "106eaacb-2e9d-4f2d-b436-9c1abdacd45e", "levelCount": 2, "smallestRegionLevel": "Kabupaten", "groupName": "MFD Feb25 KABUPATEN", "level": [{"id": 1, "name": "Provinsi"}, {"id": 2, "name": "Kabupaten"}]} | AL20: 1 | AM20: TRUE | AN20: [] | AO20: FALSE | AP20: FALSE | AQ20: PROVINSI
A21: f72bf254-12e8-4f55-96e4-5fe28e861083 | B21: 28539715-1be1-450e-8d63-2e8ef0dd0596 | C21: ["CAWI"] | D21: 1 | E21: FALSE | F21: 0259010190342 | G21: 0 | H21: OPEN | I21: FALSE | J21: UNIVERSITAS PRIMAGRAHA | K21: Serang-Banten | T21: 2026-05-08T07:58:34.873+00:00 | U21: TRUE | V21: 0 | W21: 0 | X21: 0 | Y21: FALSE | Z21: FALSE | AC21: FALSE | AD21: ayugebyf@gmail.com | AF21: FALSE | AG21: 2026-05-08T07:58:34.873+00:00 | AH21: [] | AI21: [] | AJ21: {"id": "928a6a1c-6a9d-467c-84b7-8807a54f5e68", "groupId": "106eaacb-2e9d-4f2d-b436-9c1abdacd45e", "versionCode": 1.0, "dateCreated": "2025-04-26T17:20:35.115+00:00", "isActive": true, "level1": {"id": "89dde136-a5c9-4325-ab78-2d382087f68e", "fullCode": "36", "code": "36", "name": "BANTEN", "level2": {"id": "928a6a1c-6a9d-467c-84b7-8807a54f5e68", "fullCode": "3673", "code": "73", "name": "SERANG"}}} | AK21: {"id": "106eaacb-2e9d-4f2d-b436-9c1abdacd45e", "levelCount": 2, "smallestRegionLevel": "Kabupaten", "groupName": "MFD Feb25 KABUPATEN", "level": [{"id": 1, "name": "Provinsi"}, {"id": 2, "name": "Kabupaten"}]} | AL21: 1 | AM21: TRUE | AN21: [] | AO21: FALSE | AP21: FALSE | AQ21: PROVINSI
A22: 2246f50c-820b-4202-8b24-47104e548a57 | B22: 28539715-1be1-450e-8d63-2e8ef0dd0596 | C22: ["CAWI"] | D22: 1 | E22: FALSE | F22: NIBmowm8mC58C | G22: 0 | H22: OPEN | I22: FALSE | J22: SEKOLAH TINGGI ILMU KESEHATAN WIDYA DHARMA HUSADA TANGERANG | K22: JL PAJAJARAN NO 1 PAMULANG BARAT | T22: 2026-05-08T07:54:28.409+00:00 | U22: TRUE | V22: 0 | W22: 0 | X22: 0 | Y22: FALSE | Z22: FALSE | AC22: FALSE | AD22: stikeswdh@gmail.com | AF22: FALSE | AG22: 2026-05-08T07:54:28.409+00:00 | AH22: [] | AI22: [] | AJ22: {"id": "3c7d6867-32a0-4006-9d0a-b8d39ff646d1", "groupId": "106eaacb-2e9d-4f2d-b436-9c1abdacd45e", "versionCode": 1.0, "dateCreated": "2025-04-26T17:20:35.126+00:00", "isActive": true, "level1": {"id": "89dde136-a5c9-4325-ab78-2d382087f68e", "fullCode": "36", "code": "36", "name": "BANTEN", "level2": {"id": "3c7d6867-32a0-4006-9d0a-b8d39ff646d1", "fullCode": "3674", "code": "74", "name": "TANGERANG SELATAN"}}} | AK22: {"id": "106eaacb-2e9d-4f2d-b436-9c1abdacd45e", "levelCount": 2, "smallestRegionLevel": "Kabupaten", "groupName": "MFD Feb25 KABUPATEN", "level": [{"id": 1, "name": "Provinsi"}, {"id": 2, "name": "Kabupaten"}]} | AL22: 1 | AM22: TRUE | AN22: [] | AO22: FALSE | AP22: FALSE | AQ22: PROVINSI
A23: def6ee2c-e9d6-49b4-83fd-3e41991d894a | B23: 28539715-1be1-450e-8d63-2e8ef0dd0596 | C23: ["CAWI"] | D23: 1 | E23: FALSE | F23: NIBmowm1wF166 | G23: 0 | H23: OPEN | I23: FALSE | J23: Universitas Muhammadiyah Tangerang | K23: Jl. Perintis Kemerdekaan I No.33, RT.007/RW.003, Babakan, Cikokol, Kec. Tangerang, Kota Tangerang, Banten 15118 | T23: 2026-05-08T07:53:02.102+00:00 | U23: TRUE | V23: 0 | W23: 0 | X23: 0 | Y23: FALSE | Z23: FALSE | AC23: FALSE | AD23: btsi@umt.ac.id | AF23: FALSE | AG23: 2026-05-08T07:53:02.102+00:00 | AH23: [] | AI23: [] | AJ23: {"id": "4dbdaf00-9318-4ea5-91e0-0fb0814f5c04", "groupId": "106eaacb-2e9d-4f2d-b436-9c1abdacd45e", "versionCode": 1.0, "dateCreated": "2025-04-26T17:20:35.071+00:00", "isActive": true, "level1": {"id": "89dde136-a5c9-4325-ab78-2d382087f68e", "fullCode": "36", "code": "36", "name": "BANTEN", "level2": {"id": "4dbdaf00-9318-4ea5-91e0-0fb0814f5c04", "fullCode": "3603", "code": "03", "name": "TANGERANG"}}} | AK23: {"id": "106eaacb-2e9d-4f2d-b436-9c1abdacd45e", "levelCount": 2, "smallestRegionLevel": "Kabupaten", "groupName": "MFD Feb25 KABUPATEN", "level": [{"id": 1, "name": "Provinsi"}, {"id": 2, "name": "Kabupaten"}]} | AL23: 1 | AM23: TRUE | AN23: [] | AO23: FALSE | AP23: FALSE | AQ23: PROVINSI
A24: ca50d764-b0b1-42e8-a24e-50b51165f2cb | B24: 28539715-1be1-450e-8d63-2e8ef0dd0596 | C24: ["CAWI"] | D24: 1 | E24: FALSE | F24: NIBmowm7b7CAD | G24: 0 | H24: OPEN | I24: FALSE | J24: POLITEKNIK KESEHATAN AISYIYAH BANTEN | K24: JL.RAYA CILEGON KM 8 KRAMATWATU | T24: 2026-05-08T07:52:07.429+00:00 | U24: TRUE | V24: 0 | W24: 0 | X24: 0 | Y24: FALSE | Z24: FALSE | AC24: FALSE | AD24: devie@polisa.ac.id | AF24: FALSE | AG24: 2026-05-08T07:52:07.429+00:00 | AH24: [] | AI24: [] | AJ24: {"id": "71723978-814a-463d-a4cd-e1c582fbd163", "groupId": "106eaacb-2e9d-4f2d-b436-9c1abdacd45e", "versionCode": 1.0, "dateCreated": "2025-04-26T17:20:35.082+00:00", "isActive": true, "level1": {"id": "89dde136-a5c9-4325-ab78-2d382087f68e", "fullCode": "36", "code": "36", "name": "BANTEN", "level2": {"id": "71723978-814a-463d-a4cd-e1c582fbd163", "fullCode": "3604", "code": "04", "name": "SERANG"}}} | AK24: {"id": "106eaacb-2e9d-4f2d-b436-9c1abdacd45e", "levelCount": 2, "smallestRegionLevel": "Kabupaten", "groupName": "MFD Feb25 KABUPATEN", "level": [{"id": 1, "name": "Provinsi"}, {"id": 2, "name": "Kabupaten"}]} | AL24: 1 | AM24: TRUE | AN24: [] | AO24: FALSE | AP24: FALSE | AQ24: PROVINSI
A25: 2ec1ac09-2a66-4546-ab91-40781bc3269c | B25: 28539715-1be1-450e-8d63-2e8ef0dd0596 | C25: ["CAWI"] | D25: 1 | E25: FALSE | F25: NIBmowm6wDBBE | G25: 0 | H25: OPEN | I25: FALSE | J25: UNIVERSITAS PRIMAGRAHA | K25: Serang-Banten | T25: 2026-05-08T07:51:25.261+00:00 | U25: TRUE | V25: 0 | W25: 0 | X25: 0 | Y25: FALSE | Z25: FALSE | AC25: FALSE | AD25: ayugebyf@gmail.com | AF25: FALSE | AG25: 2026-05-08T07:51:25.261+00:00 | AH25: [] | AI25: [] | AJ25: {"id": "928a6a1c-6a9d-467c-84b7-8807a54f5e68", "groupId": "106eaacb-2e9d-4f2d-b436-9c1abdacd45e", "versionCode": 1.0, "dateCreated": "2025-04-26T17:20:35.115+00:00", "isActive": true, "level1": {"id": "89dde136-a5c9-4325-ab78-2d382087f68e", "fullCode": "36", "code": "36", "name": "BANTEN", "level2": {"id": "928a6a1c-6a9d-467c-84b7-8807a54f5e68", "fullCode": "3673", "code": "73", "name": "SERANG"}}} | AK25: {"id": "106eaacb-2e9d-4f2d-b436-9c1abdacd45e", "levelCount": 2, "smallestRegionLevel": "Kabupaten", "groupName": "MFD Feb25 KABUPATEN", "level": [{"id": 1, "name": "Provinsi"}, {"id": 2, "name": "Kabupaten"}]} | AL25: 1 | AM25: TRUE | AN25: [] | AO25: FALSE | AP25: FALSE | AQ25: PROVINSI
A26: e491b94b-bcf6-4781-b85a-9349b44d2673 | B26: 28539715-1be1-450e-8d63-2e8ef0dd0596 | C26: ["CAWI"] | D26: 1 | E26: FALSE | F26: NIBmowm6m5B27 | G26: 0 | H26: OPEN | I26: FALSE | J26: Universitas Matana | K26: Matana University Tower, Jl. CBD Barat Kav Jl. CBD Barat No.1 Lt P3, RW.1, Curug Sangereng, Kec. Klp. Dua, Kabupaten Tangerang, Banten 15810 | T26: 2026-05-08T07:51:13.247+00:00 | U26: TRUE | V26: 0 | W26: 0 | X26: 0 | Y26: FALSE | Z26: FALSE | AC26: FALSE | AD26: LPM@matanauniversity.ac.id | AF26: FALSE | AG26: 2026-05-08T07:51:13.247+00:00 | AH26: [] | AI26: [] | AJ26: {"id": "4dbdaf00-9318-4ea5-91e0-0fb0814f5c04", "groupId": "106eaacb-2e9d-4f2d-b436-9c1abdacd45e", "versionCode": 1.0, "dateCreated": "2025-04-26T17:20:35.071+00:00", "isActive": true, "level1": {"id": "89dde136-a5c9-4325-ab78-2d382087f68e", "fullCode": "36", "code": "36", "name": "BANTEN", "level2": {"id": "4dbdaf00-9318-4ea5-91e0-0fb0814f5c04", "fullCode": "3603", "code": "03", "name": "TANGERANG"}}} | AK26: {"id": "106eaacb-2e9d-4f2d-b436-9c1abdacd45e", "levelCount": 2, "smallestRegionLevel": "Kabupaten", "groupName": "MFD Feb25 KABUPATEN", "level": [{"id": 1, "name": "Provinsi"}, {"id": 2, "name": "Kabupaten"}]} | AL26: 1 | AM26: TRUE | AN26: [] | AO26: FALSE | AP26: FALSE | AQ26: PROVINSI
A27: a24fde0f-d132-41ff-b361-8e148c5d9f33 | B27: 28539715-1be1-450e-8d63-2e8ef0dd0596 | C27: ["CAWI"] | D27: 4 | E27: FALSE | F27: NIBmov5t3ACB4 | G27: 5 | H27: SUBMITTED RESPONDENT | I27: FALSE | J27: Gopur Family | K27: Asrama Polisi Batu Ceper | M27: bewokreyang67@gmail.com | T27: 2026-05-07T07:24:19.054+00:00 | U27: TRUE | V27: 0 | W27: 0 | X27: 0 | Y27: FALSE | Z27: FALSE | AA27: 0 | AB27: 0 | AC27: TRUE | AD27: bewokreyang67@gmail.com | AE27: CAWI | AF27: FALSE | AG27: 2026-05-07T07:57:23.567+00:00 | AH27: [] | AI27: [] | AJ27: {"id": "bfce7f62-5d5a-4ddb-aa9a-1cc4f918ddf0", "groupId": "106eaacb-2e9d-4f2d-b436-9c1abdacd45e", "versionCode": 1.0, "dateCreated": "2025-04-26T17:20:35.094+00:00", "isActive": true, "level1": {"id": "89dde136-a5c9-4325-ab78-2d382087f68e", "fullCode": "36", "code": "36", "name": "BANTEN", "level2": {"id": "bfce7f62-5d5a-4ddb-aa9a-1cc4f918ddf0", "fullCode": "3671", "code": "71", "name": "TANGERANG"}}} | AK27: {"id": "106eaacb-2e9d-4f2d-b436-9c1abdacd45e", "levelCount": 2, "smallestRegionLevel": "Kabupaten", "groupName": "MFD Feb25 KABUPATEN", "level": [{"id": 1, "name": "Provinsi"}, {"id": 2, "name": "Kabupaten"}]} | AL27: 1 | AM27: TRUE | AN27: [] | AO27: FALSE | AP27: FALSE | AQ27: PROVINSI
A28: 59917947-829c-486c-8604-736e76669fe0 | B28: 28539715-1be1-450e-8d63-2e8ef0dd0596 | C28: ["CAWI"] | D28: 4 | E28: FALSE | F28: NIBmov59lCDE3 | G28: 0 | H28: DRAFT | I28: FALSE | J28: Fahri ayam sipon | K28: Kp. Gunung kel. Cipondoh kec. Cipondoh kota Tangerang | M28: rojidiana15@gmail.com | T28: 2026-05-07T07:13:57.128+00:00 | U28: TRUE | V28: 0 | W28: 0 | X28: 0 | Y28: FALSE | Z28: FALSE | AA28: 0 | AB28: 0 | AC28: FALSE | AD28: rojidiana15@gmail.com | AE28: CAWI | AF28: FALSE | AG28: 2026-05-07T07:56:25.905+00:00 | AH28: [] | AI28: [] | AJ28: {"id": "bfce7f62-5d5a-4ddb-aa9a-1cc4f918ddf0", "groupId": "106eaacb-2e9d-4f2d-b436-9c1abdacd45e", "versionCode": 1.0, "dateCreated": "2025-04-26T17:20:35.094+00:00", "isActive": true, "level1": {"id": "89dde136-a5c9-4325-ab78-2d382087f68e", "fullCode": "36", "code": "36", "name": "BANTEN", "level2": {"id": "bfce7f62-5d5a-4ddb-aa9a-1cc4f918ddf0", "fullCode": "3671", "code": "71", "name": "TANGERANG"}}} | AK28: {"id": "106eaacb-2e9d-4f2d-b436-9c1abdacd45e", "levelCount": 2, "smallestRegionLevel": "Kabupaten", "groupName": "MFD Feb25 KABUPATEN", "level": [{"id": 1, "name": "Provinsi"}, {"id": 2, "name": "Kabupaten"}]} | AL28: 1 | AM28: TRUE | AN28: [] | AO28: FALSE | AP28: FALSE | AQ28: PROVINSI
A29: e754cb3e-9bb1-48a1-856e-25bf927e6983 | B29: 28539715-1be1-450e-8d63-2e8ef0dd0596 | C29: ["CAWI"] | D29: 4 | E29: FALSE | F29: NIBmov5aa90F6 | G29: 5 | H29: SUBMITTED RESPONDENT | I29: FALSE | J29: Koperasi Sekar Tani Sajiva | K29: Jln flamboyan 1 blok b2 no 32 bugel mas indah | M29: sekartanisajiva@gmail.com | T29: 2026-05-07T07:15:24.374+00:00 | U29: TRUE | V29: 0 | W29: 0 | X29: 0 | Y29: FALSE | Z29: FALSE | AA29: 0 | AB29: 0 | AC29: TRUE | AD29: sekartanisajiva@gmail.com | AE29: CAWI | AF29: FALSE | AG29: 2026-05-07T07:50:01.324+00:00 | AH29: [] | AI29: [] | AJ29: {"id": "bfce7f62-5d5a-4ddb-aa9a-1cc4f918ddf0", "groupId": "106eaacb-2e9d-4f2d-b436-9c1abdacd45e", "versionCode": 1.0, "dateCreated": "2025-04-26T17:20:35.094+00:00", "isActive": true, "level1": {"id": "89dde136-a5c9-4325-ab78-2d382087f68e", "fullCode": "36", "code": "36", "name": "BANTEN", "level2": {"id": "bfce7f62-5d5a-4ddb-aa9a-1cc4f918ddf0", "fullCode": "3671", "code": "71", "name": "TANGERANG"}}} | AK29: {"id": "106eaacb-2e9d-4f2d-b436-9c1abdacd45e", "levelCount": 2, "smallestRegionLevel": "Kabupaten", "groupName": "MFD Feb25 KABUPATEN", "level": [{"id": 1, "name": "Provinsi"}, {"id": 2, "name": "Kabupaten"}]} | AL29: 1 | AM29: TRUE | AN29: [] | AO29: FALSE | AP29: FALSE | AQ29: PROVINSI
A30: fd65d609-7497-44d3-8b8c-7eee10683a68 | B30: 28539715-1be1-450e-8d63-2e8ef0dd0596 | C30: ["CAWI"] | D30: 4 | E30: FALSE | F30: NIBmov5678120 | G30: 5 | H30: SUBMITTED RESPONDENT | I30: FALSE | J30: Forum KWT Kota Tangerang | K30: Mina raya 2 blok j5 no 37 villa ilhami Islamic village tangerang 15139 | M30: forumkwtkotatangerang@gmail.com | T30: 2026-05-07T07:09:20.757+00:00 | U30: TRUE | V30: 0 | W30: 0 | X30: 0 | Y30: FALSE | Z30: FALSE | AA30: 0 | AB30: 0 | AC30: TRUE | AD30: forumkwtkotatangerang@gmail.com | AE30: CAWI | AF30: FALSE | AG30: 2026-05-07T07:44:13.435+00:00 | AH30: [] | AI30: [] | AJ30: {"id": "bfce7f62-5d5a-4ddb-aa9a-1cc4f918ddf0", "groupId": "106eaacb-2e9d-4f2d-b436-9c1abdacd45e", "versionCode": 1.0, "dateCreated": "2025-04-26T17:20:35.094+00:00", "isActive": true, "level1": {"id": "89dde136-a5c9-4325-ab78-2d382087f68e", "fullCode": "36", "code": "36", "name": "BANTEN", "level2": {"id": "bfce7f62-5d5a-4ddb-aa9a-1cc4f918ddf0", "fullCode": "3671", "code": "71", "name": "TANGERANG"}}} | AK30: {"id": "106eaacb-2e9d-4f2d-b436-9c1abdacd45e", "levelCount": 2, "smallestRegionLevel": "Kabupaten", "groupName": "MFD Feb25 KABUPATEN", "level": [{"id": 1, "name": "Provinsi"}, {"id": 2, "name": "Kabupaten"}]} | AL30: 1 | AM30: TRUE | AN30: [] | AO30: FALSE | AP30: FALSE | AQ30: PROVINSI
A31: 821f74e9-5e0e-4980-af93-4b64016dd04d | B31: 28539715-1be1-450e-8d63-2e8ef0dd0596 | C31: ["CAWI"] | D31: 4 | E31: FALSE | F31: NIBmov58o787C | G31: 5 | H31: SUBMITTED RESPONDENT | I31: FALSE | J31: Bintang Binar abadi | K31: Jl. H udin gg. Pembangunan 1 rt.04 rw.05 kec.cipondoh kel. Poris plawad utara | M31: jafis08@gmail.com | O31: 0702220041667 | T31: 2026-05-07T07:09:41.484+00:00 | U31: TRUE | V31: 0 | W31: 0 | X31: 0 | Y31: FALSE | Z31: FALSE | AA31: 0 | AB31: 0 | AC31: TRUE | AD31: jafis08@gmail.com | AE31: CAWI | AF31: FALSE | AG31: 2026-05-07T07:39:37.476+00:00 | AH31: [] | AI31: [] | AJ31: {"id": "bfce7f62-5d5a-4ddb-aa9a-1cc4f918ddf0", "groupId": "106eaacb-2e9d-4f2d-b436-9c1abdacd45e", "versionCode": 1.0, "dateCreated": "2025-04-26T17:20:35.094+00:00", "isActive": true, "level1": {"id": "89dde136-a5c9-4325-ab78-2d382087f68e", "fullCode": "36", "code": "36", "name": "BANTEN", "level2": {"id": "bfce7f62-5d5a-4ddb-aa9a-1cc4f918ddf0", "fullCode": "3671", "code": "71", "name": "TANGERANG"}}} | AK31: {"id": "106eaacb-2e9d-4f2d-b436-9c1abdacd45e", "levelCount": 2, "smallestRegionLevel": "Kabupaten", "groupName": "MFD Feb25 KABUPATEN", "level": [{"id": 1, "name": "Provinsi"}, {"id": 2, "name": "Kabupaten"}]} | AL31: 1 | AM31: TRUE | AN31: [] | AO31: FALSE | AP31: FALSE | AQ31: PROVINSI
A32: d361f194-af62-413e-875e-6eb0c85eb25c | B32: 28539715-1be1-450e-8d63-2e8ef0dd0596 | C32: ["CAWI"] | D32: 1 | E32: FALSE | F32: NIBmov67eE637 | G32: 0 | H32: OPEN | I32: FALSE | J32: Koptan Gofur family | K32: Jl Aspol batuceper | T32: 2026-05-07T07:37:25.703+00:00 | U32: TRUE | V32: 0 | W32: 0 | X32: 0 | Y32: FALSE | Z32: FALSE | AC32: FALSE | AD32: bewokreyang67@gmail.com | AF32: FALSE | AG32: 2026-05-07T07:37:25.703+00:00 | AH32: [] | AI32: [] | AJ32: {"id": "bfce7f62-5d5a-4ddb-aa9a-1cc4f918ddf0", "groupId": "106eaacb-2e9d-4f2d-b436-9c1abdacd45e", "versionCode": 1.0, "dateCreated": "2025-04-26T17:20:35.094+00:00", "isActive": true, "level1": {"id": "89dde136-a5c9-4325-ab78-2d382087f68e", "fullCode": "36", "code": "36", "name": "BANTEN", "level2": {"id": "bfce7f62-5d5a-4ddb-aa9a-1cc4f918ddf0", "fullCode": "3671", "code": "71", "name": "TANGERANG"}}} | AK32: {"id": "106eaacb-2e9d-4f2d-b436-9c1abdacd45e", "levelCount": 2, "smallestRegionLevel": "Kabupaten", "groupName": "MFD Feb25 KABUPATEN", "level": [{"id": 1, "name": "Provinsi"}, {"id": 2, "name": "Kabupaten"}]} | AL32: 1 | AM32: TRUE | AN32: [] | AO32: FALSE | AP32: FALSE | AQ32: PROVINSI
A33: 5ac9412a-3652-439f-b71f-cb32a428605a | B33: 28539715-1be1-450e-8d63-2e8ef0dd0596 | C33: ["CAWI"] | D33: 1 | E33: FALSE | F33: NIBmov5ud607F | G33: 0 | H33: OPEN | I33: FALSE | J33: Poktan gopur family | K33: Jl Aspol batuceper | T33: 2026-05-07T07:32:30.906+00:00 | U33: TRUE | V33: 0 | W33: 0 | X33: 0 | Y33: FALSE | Z33: FALSE | AC33: FALSE | AD33: bewokreyang67@gmail.com | AF33: FALSE | AG33: 2026-05-07T07:32:30.906+00:00 | AH33: [] | AI33: [] | AJ33: {"id": "bfce7f62-5d5a-4ddb-aa9a-1cc4f918ddf0", "groupId": "106eaacb-2e9d-4f2d-b436-9c1abdacd45e", "versionCode": 1.0, "dateCreated": "2025-04-26T17:20:35.094+00:00", "isActive": true, "level1": {"id": "89dde136-a5c9-4325-ab78-2d382087f68e", "fullCode": "36", "code": "36", "name": "BANTEN", "level2": {"id": "bfce7f62-5d5a-4ddb-aa9a-1cc4f918ddf0", "fullCode": "3671", "code": "71", "name": "TANGERANG"}}} | AK33: {"id": "106eaacb-2e9d-4f2d-b436-9c1abdacd45e", "levelCount": 2, "smallestRegionLevel": "Kabupaten", "groupName": "MFD Feb25 KABUPATEN", "level": [{"id": 1, "name": "Provinsi"}, {"id": 2, "name": "Kabupaten"}]} | AL33: 1 | AM33: TRUE | AN33: [] | AO33: FALSE | AP33: FALSE | AQ33: PROVINSI
A34: 5f9a8987-1ff8-4ce4-b60c-2bfc572d01cb | B34: 28539715-1be1-450e-8d63-2e8ef0dd0596 | C34: ["CAWI"] | D34: 1 | E34: FALSE | F34: NIBmov5nwB33C | G34: 0 | H34: OPEN | I34: FALSE | J34: Gopur Family | K34: Asrama Polisi Batu Ceper | T34: 2026-05-07T07:20:55.453+00:00 | U34: TRUE | V34: 0 | W34: 0 | X34: 0 | Y34: FALSE | Z34: FALSE | AC34: FALSE | AD34: brewokrewang67@gmail.com | AF34: FALSE | AG34: 2026-05-07T07:20:55.453+00:00 | AH34: [] | AI34: [] | AJ34: {"id": "bfce7f62-5d5a-4ddb-aa9a-1cc4f918ddf0", "groupId": "106eaacb-2e9d-4f2d-b436-9c1abdacd45e", "versionCode": 1.0, "dateCreated": "2025-04-26T17:20:35.094+00:00", "isActive": true, "level1": {"id": "89dde136-a5c9-4325-ab78-2d382087f68e", "fullCode": "36", "code": "36", "name": "BANTEN", "level2": {"id": "bfce7f62-5d5a-4ddb-aa9a-1cc4f918ddf0", "fullCode": "3671", "code": "71", "name": "TANGERANG"}}} | AK34: {"id": "106eaacb-2e9d-4f2d-b436-9c1abdacd45e", "levelCount": 2, "smallestRegionLevel": "Kabupaten", "groupName": "MFD Feb25 KABUPATEN", "level": [{"id": 1, "name": "Provinsi"}, {"id": 2, "name": "Kabupaten"}]} | AL34: 1 | AM34: TRUE | AN34: [] | AO34: FALSE | AP34: FALSE | AQ34: PROVINSI
A35: 5c65e463-62e8-4552-8e71-976526812e36 | B35: 28539715-1be1-450e-8d63-2e8ef0dd0596 | C35: ["CAWI"] | D35: 1 | E35: FALSE | F35: NIBmov5di17BE | G35: 0 | H35: OPEN | I35: FALSE | J35: Gopur Family | K35: Asrama Polisi Batu Ceper | T35: 2026-05-07T07:17:23.156+00:00 | U35: TRUE | V35: 0 | W35: 0 | X35: 0 | Y35: FALSE | Z35: FALSE | AC35: FALSE | AD35: bewokreyang67@gmail.com | AF35: FALSE | AG35: 2026-05-07T07:17:23.156+00:00 | AH35: [] | AI35: [] | AJ35: {"id": "bfce7f62-5d5a-4ddb-aa9a-1cc4f918ddf0", "groupId": "106eaacb-2e9d-4f2d-b436-9c1abdacd45e", "versionCode": 1.0, "dateCreated": "2025-04-26T17:20:35.094+00:00", "isActive": true, "level1": {"id": "89dde136-a5c9-4325-ab78-2d382087f68e", "fullCode": "36", "code": "36", "name": "BANTEN", "level2": {"id": "bfce7f62-5d5a-4ddb-aa9a-1cc4f918ddf0", "fullCode": "3671", "code": "71", "name": "TANGERANG"}}} | AK35: {"id": "106eaacb-2e9d-4f2d-b436-9c1abdacd45e", "levelCount": 2, "smallestRegionLevel": "Kabupaten", "groupName": "MFD Feb25 KABUPATEN", "level": [{"id": 1, "name": "Provinsi"}, {"id": 2, "name": "Kabupaten"}]} | AL35: 1 | AM35: TRUE | AN35: [] | AO35: FALSE | AP35: FALSE | AQ35: PROVINSI
A36: 5109e285-545e-4902-8d9a-fc9f0a43f4f9 | B36: 28539715-1be1-450e-8d63-2e8ef0dd0596 | C36: ["CAWI"] | D36: 1 | E36: FALSE | F36: NIBmov57z8787 | G36: 0 | H36: OPEN | I36: FALSE | J36: Cihuy Lho | K36: Jl Imam Bonjol | T36: 2026-05-07T07:14:03.027+00:00 | U36: TRUE | V36: 0 | W36: 0 | X36: 0 | Y36: FALSE | Z36: FALSE | AC36: FALSE | AD36: susyucihuy@gmail.com | AF36: FALSE | AG36: 2026-05-07T07:14:03.027+00:00 | AH36: [] | AI36: [] | AJ36: {"id": "bfce7f62-5d5a-4ddb-aa9a-1cc4f918ddf0", "groupId": "106eaacb-2e9d-4f2d-b436-9c1abdacd45e", "versionCode": 1.0, "dateCreated": "2025-04-26T17:20:35.094+00:00", "isActive": true, "level1": {"id": "89dde136-a5c9-4325-ab78-2d382087f68e", "fullCode": "36", "code": "36", "name": "BANTEN", "level2": {"id": "bfce7f62-5d5a-4ddb-aa9a-1cc4f918ddf0", "fullCode": "3671", "code": "71", "name": "TANGERANG"}}} | AK36: {"id": "106eaacb-2e9d-4f2d-b436-9c1abdacd45e", "levelCount": 2, "smallestRegionLevel": "Kabupaten", "groupName": "MFD Feb25 KABUPATEN", "level": [{"id": 1, "name": "Provinsi"}, {"id": 2, "name": "Kabupaten"}]} | AL36: 1 | AM36: TRUE | AN36: [] | AO36: FALSE | AP36: FALSE | AQ36: PROVINSI
A37: 61c123e0-770c-47a5-b644-eb4b07b9708f | B37: 28539715-1be1-450e-8d63-2e8ef0dd0596 | C37: ["CAWI"] | D37: 4 | E37: FALSE | F37: 3671 | G37: 5 | H37: SUBMITTED RESPONDENT | I37: FALSE | J37: TOINGAH | K37: JL. GEMPOL RAYA KUNCIRAN RT 04/ RW 01 NO.13. | M37: toingah26@gmail.com | O37: 2401220047324 | T37: 2026-05-05T13:19:31.328+00:00 | U37: TRUE | V37: 0 | W37: 0 | X37: 0 | Y37: FALSE | Z37: FALSE | AA37: 0 | AB37: 0 | AC37: TRUE | AD37: toingah26@gmail.com | AE37: U-CAWI | AF37: FALSE | AG37: 2026-05-07T05:00:56.361+00:00 | AH37: [] | AI37: [] | AJ37: {"id": "bfce7f62-5d5a-4ddb-aa9a-1cc4f918ddf0", "groupId": "106eaacb-2e9d-4f2d-b436-9c1abdacd45e", "versionCode": 1.0, "dateCreated": "2025-04-26T17:20:35.094+00:00", "isActive": true, "level1": {"id": "89dde136-a5c9-4325-ab78-2d382087f68e", "fullCode": "36", "code": "36", "name": "BANTEN", "level2": {"id": "bfce7f62-5d5a-4ddb-aa9a-1cc4f918ddf0", "fullCode": "3671", "code": "71", "name": "TANGERANG"}}} | AK37: {"id": "106eaacb-2e9d-4f2d-b436-9c1abdacd45e", "levelCount": 2, "smallestRegionLevel": "Kabupaten", "groupName": "MFD Feb25 KABUPATEN", "level": [{"id": 1, "name": "Provinsi"}, {"id": 2, "name": "Kabupaten"}]} | AL37: 1 | AM37: TRUE | AN37: [] | AO37: FALSE | AP37: FALSE | AQ37: PROVINSI
A38: 9b0d0bd4-9f89-460f-80fd-9698387aa8bf | B38: 28539715-1be1-450e-8d63-2e8ef0dd0596 | C38: ["CAWI"] | D38: 4 | E38: FALSE | F38: 8120118051693 | G38: 5 | H38: SUBMITTED RESPONDENT | I38: FALSE | J38: Kspps Benteng Mikro Indonesia | K38: Ruko The Time Square Jl. Boulevard Andalucia Paramount Land Tangerang | M38: yanitanurmala89@gmail.com | O38: 8120118051693 | T38: 2026-05-07T03:55:58.996+00:00 | U38: TRUE | V38: 0 | W38: 0 | X38: 0 | Y38: FALSE | Z38: FALSE | AA38: 0 | AB38: 0 | AC38: TRUE | AD38: yanitanurmala89@gmail.com | AE38: CAWI | AF38: FALSE | AG38: 2026-05-07T04:34:21.603+00:00 | AH38: [] | AI38: [] | AJ38: {"id": "4dbdaf00-9318-4ea5-91e0-0fb0814f5c04", "groupId": "106eaacb-2e9d-4f2d-b436-9c1abdacd45e", "versionCode": 1.0, "dateCreated": "2025-04-26T17:20:35.071+00:00", "isActive": true, "level1": {"id": "89dde136-a5c9-4325-ab78-2d382087f68e", "fullCode": "36", "code": "36", "name": "BANTEN", "level2": {"id": "4dbdaf00-9318-4ea5-91e0-0fb0814f5c04", "fullCode": "3603", "code": "03", "name": "TANGERANG"}}} | AK38: {"id": "106eaacb-2e9d-4f2d-b436-9c1abdacd45e", "levelCount": 2, "smallestRegionLevel": "Kabupaten", "groupName": "MFD Feb25 KABUPATEN", "level": [{"id": 1, "name": "Provinsi"}, {"id": 2, "name": "Kabupaten"}]} | AL38: 1 | AM38: TRUE | AN38: [] | AO38: FALSE | AP38: FALSE | AQ38: PROVINSI
A39: 1c41dcb9-6538-4414-a4bc-ea76accbc821 | B39: 28539715-1be1-450e-8d63-2e8ef0dd0596 | C39: ["CAWI"] | D39: 4 | E39: FALSE | F39: NIBmouy59F48D | G39: 0 | H39: DRAFT | I39: FALSE | J39: Pegadaian, PT | K39: Jl. A. Damjati No 7, Kota Tangerang | M39: donna.almira@pegadaian.co.id | T39: 2026-05-07T03:53:34.958+00:00 | U39: TRUE | V39: 0 | W39: 0 | X39: 0 | Y39: FALSE | Z39: FALSE | AA39: 0 | AB39: 0 | AC39: FALSE | AD39: donna.almira@pegadaian.co.id | AE39: CAWI | AF39: FALSE | AG39: 2026-05-07T04:25:57.635+00:00 | AH39: [] | AI39: [] | AJ39: {"id": "4dbdaf00-9318-4ea5-91e0-0fb0814f5c04", "groupId": "106eaacb-2e9d-4f2d-b436-9c1abdacd45e", "versionCode": 1.0, "dateCreated": "2025-04-26T17:20:35.071+00:00", "isActive": true, "level1": {"id": "89dde136-a5c9-4325-ab78-2d382087f68e", "fullCode": "36", "code": "36", "name": "BANTEN", "level2": {"id": "4dbdaf00-9318-4ea5-91e0-0fb0814f5c04", "fullCode": "3603", "code": "03", "name": "TANGERANG"}}} | AK39: {"id": "106eaacb-2e9d-4f2d-b436-9c1abdacd45e", "levelCount": 2, "smallestRegionLevel": "Kabupaten", "groupName": "MFD Feb25 KABUPATEN", "level": [{"id": 1, "name": "Provinsi"}, {"id": 2, "name": "Kabupaten"}]} | AL39: 1 | AM39: TRUE | AN39: [] | AO39: FALSE | AP39: FALSE | AQ39: PROVINSI
A40: 4448f36d-aa0f-4241-a512-f41867f23969 | B40: 28539715-1be1-450e-8d63-2e8ef0dd0596 | C40: ["CAWI"] | D40: 1 | E40: FALSE | F40: NIBmouz436D69 | G40: 0 | H40: OPEN | I40: FALSE | J40: Ksp mitra dhuafa | K40: Kp.cangkudu,ds.kubang,kec.sukamulya,kab.tangerang | T40: 2026-05-07T04:17:17.317+00:00 | U40: TRUE | V40: 0 | W40: 0 | X40: 0 | Y40: FALSE | Z40: FALSE | AC40: FALSE | AD40: elandwirustandi89@gmail.com | AF40: FALSE | AG40: 2026-05-07T04:17:17.317+00:00 | AH40: [] | AI40: [] | AJ40: {"id": "4dbdaf00-9318-4ea5-91e0-0fb0814f5c04", "groupId": "106eaacb-2e9d-4f2d-b436-9c1abdacd45e", "versionCode": 1.0, "dateCreated": "2025-04-26T17:20:35.071+00:00", "isActive": true, "level1": {"id": "89dde136-a5c9-4325-ab78-2d382087f68e", "fullCode": "36", "code": "36", "name": "BANTEN", "level2": {"id": "4dbdaf00-9318-4ea5-91e0-0fb0814f5c04", "fullCode": "3603", "code": "03", "name": "TANGERANG"}}} | AK40: {"id": "106eaacb-2e9d-4f2d-b436-9c1abdacd45e", "levelCount": 2, "smallestRegionLevel": "Kabupaten", "groupName": "MFD Feb25 KABUPATEN", "level": [{"id": 1, "name": "Provinsi"}, {"id": 2, "name": "Kabupaten"}]} | AL40: 1 | AM40: TRUE | AN40: [] | AO40: FALSE | AP40: FALSE | AQ40: PROVINSI
A41: e2a05984-9939-405d-a0c7-d37940e0f2ce | B41: 28539715-1be1-450e-8d63-2e8ef0dd0596 | C41: ["CAWI"] | D41: 1 | E41: FALSE | F41: NIBmouyth51A4 | G41: 0 | H41: OPEN | I41: FALSE | J41: KSP Mitra dhuafa | K41: Kp. Cangkudu ds. Kubang kec. Sukamulya kab. Tangerang | T41: 2026-05-07T04:12:25.766+00:00 | U41: TRUE | V41: 0 | W41: 0 | X41: 0 | Y41: FALSE | Z41: FALSE | AC41: FALSE | AD41: jaenudin490@gmail.com | AF41: FALSE | AG41: 2026-05-07T04:12:25.766+00:00 | AH41: [] | AI41: [] | AJ41: {"id": "4dbdaf00-9318-4ea5-91e0-0fb0814f5c04", "groupId": "106eaacb-2e9d-4f2d-b436-9c1abdacd45e", "versionCode": 1.0, "dateCreated": "2025-04-26T17:20:35.071+00:00", "isActive": true, "level1": {"id": "89dde136-a5c9-4325-ab78-2d382087f68e", "fullCode": "36", "code": "36", "name": "BANTEN", "level2": {"id": "4dbdaf00-9318-4ea5-91e0-0fb0814f5c04", "fullCode": "3603", "code": "03", "name": "TANGERANG"}}} | AK41: {"id": "106eaacb-2e9d-4f2d-b436-9c1abdacd45e", "levelCount": 2, "smallestRegionLevel": "Kabupaten", "groupName": "MFD Feb25 KABUPATEN", "level": [{"id": 1, "name": "Provinsi"}, {"id": 2, "name": "Kabupaten"}]} | AL41: 1 | AM41: TRUE | AN41: [] | AO41: FALSE | AP41: FALSE | AQ41: PROVINSI
A42: fb57ce1e-04e1-4759-b9c1-bd24083c1061 | B42: 28539715-1be1-450e-8d63-2e8ef0dd0596 | C42: ["CAWI"] | D42: 1 | E42: FALSE | F42: NIBmouyod3DE0 | G42: 0 | H42: OPEN | I42: FALSE | J42: KSP Mitra Dhuafa | K42: Kp.cangkudu,ds.kubang,kec.sukamulya,kab.tangerang | T42: 2026-05-07T04:05:48.419+00:00 | U42: TRUE | V42: 0 | W42: 0 | X42: 0 | Y42: FALSE | Z42: FALSE | AC42: FALSE | AD42: elandwirustandi89@gmail.com | AF42: FALSE | AG42: 2026-05-07T04:05:48.419+00:00 | AH42: [] | AI42: [] | AJ42: {"id": "4dbdaf00-9318-4ea5-91e0-0fb0814f5c04", "groupId": "106eaacb-2e9d-4f2d-b436-9c1abdacd45e", "versionCode": 1.0, "dateCreated": "2025-04-26T17:20:35.071+00:00", "isActive": true, "level1": {"id": "89dde136-a5c9-4325-ab78-2d382087f68e", "fullCode": "36", "code": "36", "name": "BANTEN", "level2": {"id": "4dbdaf00-9318-4ea5-91e0-0fb0814f5c04", "fullCode": "3603", "code": "03", "name": "TANGERANG"}}} | AK42: {"id": "106eaacb-2e9d-4f2d-b436-9c1abdacd45e", "levelCount": 2, "smallestRegionLevel": "Kabupaten", "groupName": "MFD Feb25 KABUPATEN", "level": [{"id": 1, "name": "Provinsi"}, {"id": 2, "name": "Kabupaten"}]} | AL42: 1 | AM42: TRUE | AN42: [] | AO42: FALSE | AP42: FALSE | AQ42: PROVINSI
A43: 7f9d0035-b11b-44f7-b1e6-94eec7a708e0 | B43: 28539715-1be1-450e-8d63-2e8ef0dd0596 | C43: ["CAWI"] | D43: 1 | E43: FALSE | F43: 9120002812813 | G43: 0 | H43: OPEN | I43: FALSE | J43: KSPPS ABDI KERTA RAHARJA | K43: Perum Tigaraksa Blok AN Kel Kadu Agung Kec Tigaraksa Kab Tangerang | T43: 2026-05-07T04:00:09.520+00:00 | U43: TRUE | V43: 0 | W43: 0 | X43: 0 | Y43: FALSE | Z43: FALSE | AC43: FALSE | AD43: mkeu.akrsyariah@gmail.com | AF43: FALSE | AG43: 2026-05-07T04:00:09.520+00:00 | AH43: [] | AI43: [] | AJ43: {"id": "4dbdaf00-9318-4ea5-91e0-0fb0814f5c04", "groupId": "106eaacb-2e9d-4f2d-b436-9c1abdacd45e", "versionCode": 1.0, "dateCreated": "2025-04-26T17:20:35.071+00:00", "isActive": true, "level1": {"id": "89dde136-a5c9-4325-ab78-2d382087f68e", "fullCode": "36", "code": "36", "name": "BANTEN", "level2": {"id": "4dbdaf00-9318-4ea5-91e0-0fb0814f5c04", "fullCode": "3603", "code": "03", "name": "TANGERANG"}}} | AK43: {"id": "106eaacb-2e9d-4f2d-b436-9c1abdacd45e", "levelCount": 2, "smallestRegionLevel": "Kabupaten", "groupName": "MFD Feb25 KABUPATEN", "level": [{"id": 1, "name": "Provinsi"}, {"id": 2, "name": "Kabupaten"}]} | AL43: 1 | AM43: TRUE | AN43: [] | AO43: FALSE | AP43: FALSE | AQ43: PROVINSI
A44: f0824fe8-18f6-40ab-9d42-990e9e78b3b6 | B44: 28539715-1be1-450e-8d63-2e8ef0dd0596 | C44: ["CAWI"] | D44: 1 | E44: FALSE | F44: NIBmouy27A828 | G44: 0 | H44: OPEN | I44: FALSE | J44: Permodalan Nasional Madani | K44: Komplek Ruko Mahkota Mas Blok J No. 51, RT.006/ RW.006, Cikokol, Kec. Tangerang, Kota Tangerang, Banten 15117 | T44: 2026-05-07T03:49:13.212+00:00 | U44: TRUE | V44: 0 | W44: 0 | X44: 0 | Y44: FALSE | Z44: FALSE | AC44: FALSE | AD44: denamerdiana9@gmail.com | AF44: FALSE | AG44: 2026-05-07T03:49:13.212+00:00 | AH44: [] | AI44: [] | AJ44: {"id": "4dbdaf00-9318-4ea5-91e0-0fb0814f5c04", "groupId": "106eaacb-2e9d-4f2d-b436-9c1abdacd45e", "versionCode": 1.0, "dateCreated": "2025-04-26T17:20:35.071+00:00", "isActive": true, "level1": {"id": "89dde136-a5c9-4325-ab78-2d382087f68e", "fullCode": "36", "code": "36", "name": "BANTEN", "level2": {"id": "4dbdaf00-9318-4ea5-91e0-0fb0814f5c04", "fullCode": "3603", "code": "03", "name": "TANGERANG"}}} | AK44: {"id": "106eaacb-2e9d-4f2d-b436-9c1abdacd45e", "levelCount": 2, "smallestRegionLevel": "Kabupaten", "groupName": "MFD Feb25 KABUPATEN", "level": [{"id": 1, "name": "Provinsi"}, {"id": 2, "name": "Kabupaten"}]} | AL44: 1 | AM44: TRUE | AN44: [] | AO44: FALSE | AP44: FALSE | AQ44: PROVINSI
A45: 218168e4-1c89-4bcb-91c2-413acc5acf0f | B45: 28539715-1be1-450e-8d63-2e8ef0dd0596 | C45: ["CAWI"] | D45: 1 | E45: FALSE | F45: NIBmouw3u112E | G45: 0 | H45: OPEN | I45: FALSE | J45: Cihuy Lho | K45: Jl. Imam Bonjol | T45: 2026-05-07T02:57:17.889+00:00 | U45: TRUE | V45: 0 | W45: 0 | X45: 0 | Y45: FALSE | Z45: FALSE | AC45: FALSE | AD45: susyucihuy@gmail.com | AF45: FALSE | AG45: 2026-05-07T02:57:17.889+00:00 | AH45: [] | AI45: [] | AJ45: {"id": "bfce7f62-5d5a-4ddb-aa9a-1cc4f918ddf0", "groupId": "106eaacb-2e9d-4f2d-b436-9c1abdacd45e", "versionCode": 1.0, "dateCreated": "2025-04-26T17:20:35.094+00:00", "isActive": true, "level1": {"id": "89dde136-a5c9-4325-ab78-2d382087f68e", "fullCode": "36", "code": "36", "name": "BANTEN", "level2": {"id": "bfce7f62-5d5a-4ddb-aa9a-1cc4f918ddf0", "fullCode": "3671", "code": "71", "name": "TANGERANG"}}} | AK45: {"id": "106eaacb-2e9d-4f2d-b436-9c1abdacd45e", "levelCount": 2, "smallestRegionLevel": "Kabupaten", "groupName": "MFD Feb25 KABUPATEN", "level": [{"id": 1, "name": "Provinsi"}, {"id": 2, "name": "Kabupaten"}]} | AL45: 1 | AM45: TRUE | AN45: [] | AO45: FALSE | AP45: FALSE | AQ45: PROVINSI
A46: 137d96bf-56bd-471b-b676-a01e70726ec0 | B46: 28539715-1be1-450e-8d63-2e8ef0dd0596 | C46: ["CAWI"] | D46: 1 | E46: FALSE | F46: NIBmouw23038B | G46: 0 | H46: OPEN | I46: FALSE | J46: Cihuy Lho | K46: Jl Imam Bonjol | T46: 2026-05-07T02:51:10.633+00:00 | U46: TRUE | V46: 0 | W46: 0 | X46: 0 | Y46: FALSE | Z46: FALSE | AC46: FALSE | AD46: shhsh@yahoo.com | AF46: FALSE | AG46: 2026-05-07T02:51:10.633+00:00 | AH46: [] | AI46: [] | AJ46: {"id": "bfce7f62-5d5a-4ddb-aa9a-1cc4f918ddf0", "groupId": "106eaacb-2e9d-4f2d-b436-9c1abdacd45e", "versionCode": 1.0, "dateCreated": "2025-04-26T17:20:35.094+00:00", "isActive": true, "level1": {"id": "89dde136-a5c9-4325-ab78-2d382087f68e", "fullCode": "36", "code": "36", "name": "BANTEN", "level2": {"id": "bfce7f62-5d5a-4ddb-aa9a-1cc4f918ddf0", "fullCode": "3671", "code": "71", "name": "TANGERANG"}}} | AK46: {"id": "106eaacb-2e9d-4f2d-b436-9c1abdacd45e", "levelCount": 2, "smallestRegionLevel": "Kabupaten", "groupName": "MFD Feb25 KABUPATEN", "level": [{"id": 1, "name": "Provinsi"}, {"id": 2, "name": "Kabupaten"}]} | AL46: 1 | AM46: TRUE | AN46: [] | AO46: FALSE | AP46: FALSE | AQ46: PROVINSI
A47: 7d039e37-76cf-4f1a-8055-39ce40290bbd | B47: 28539715-1be1-450e-8d63-2e8ef0dd0596 | C47: ["CAWI"] | D47: 4 | E47: FALSE | F47: 3671 | G47: 0 | H47: DRAFT | I47: FALSE | J47: Umi Tuti 272 | K47: Kota Tangerang | O47: 2702230056307 | T47: 2026-05-05T13:19:31.659+00:00 | U47: TRUE | V47: 0 | W47: 0 | X47: 0 | Y47: FALSE | Z47: FALSE | AA47: 0 | AB47: 0 | AC47: FALSE | AD47: munadimunadi868@gmail.com | AE47: U-CAWI | AF47: FALSE | AG47: 2026-05-07T01:25:19.052+00:00 | AH47: [] | AI47: [] | AJ47: {"id": "bfce7f62-5d5a-4ddb-aa9a-1cc4f918ddf0", "groupId": "106eaacb-2e9d-4f2d-b436-9c1abdacd45e", "versionCode": 1.0, "dateCreated": "2025-04-26T17:20:35.094+00:00", "isActive": true, "level1": {"id": "89dde136-a5c9-4325-ab78-2d382087f68e", "fullCode": "36", "code": "36", "name": "BANTEN", "level2": {"id": "bfce7f62-5d5a-4ddb-aa9a-1cc4f918ddf0", "fullCode": "3671", "code": "71", "name": "TANGERANG"}}} | AK47: {"id": "106eaacb-2e9d-4f2d-b436-9c1abdacd45e", "levelCount": 2, "smallestRegionLevel": "Kabupaten", "groupName": "MFD Feb25 KABUPATEN", "level": [{"id": 1, "name": "Provinsi"}, {"id": 2, "name": "Kabupaten"}]} | AL47: 1 | AM47: TRUE | AN47: [] | AO47: FALSE | AP47: FALSE | AQ47: PROVINSI
A48: 08197ae7-87c4-4bd3-bde5-8ced61d72bf4 | B48: 28539715-1be1-450e-8d63-2e8ef0dd0596 | C48: ["CAWI"] | D48: 4 | E48: FALSE | F48: 3671 | G48: 0 | H48: DRAFT | I48: FALSE | J48: Melvi Kitchen | K48: Jl. BETET RAYA NO.16A | M48: uluvmie@gmail.com | O48: 3011240032766 | T48: 2026-05-05T13:19:35.683+00:00 | U48: TRUE | V48: 0 | W48: 0 | X48: 0 | Y48: FALSE | Z48: FALSE | AA48: 0 | AB48: 0 | AC48: FALSE | AD48: uluvmie@gmail.com | AE48: U-CAWI | AF48: FALSE | AG48: 2026-05-07T00:46:28.359+00:00 | AH48: [] | AI48: [] | AJ48: {"id": "bfce7f62-5d5a-4ddb-aa9a-1cc4f918ddf0", "groupId": "106eaacb-2e9d-4f2d-b436-9c1abdacd45e", "versionCode": 1.0, "dateCreated": "2025-04-26T17:20:35.094+00:00", "isActive": true, "level1": {"id": "89dde136-a5c9-4325-ab78-2d382087f68e", "fullCode": "36", "code": "36", "name": "BANTEN", "level2": {"id": "bfce7f62-5d5a-4ddb-aa9a-1cc4f918ddf0", "fullCode": "3671", "code": "71", "name": "TANGERANG"}}} | AK48: {"id": "106eaacb-2e9d-4f2d-b436-9c1abdacd45e", "levelCount": 2, "smallestRegionLevel": "Kabupaten", "groupName": "MFD Feb25 KABUPATEN", "level": [{"id": 1, "name": "Provinsi"}, {"id": 2, "name": "Kabupaten"}]} | AL48: 1 | AM48: TRUE | AN48: [] | AO48: FALSE | AP48: FALSE | AQ48: PROVINSI
A49: 216b4ba1-f7ad-4708-ab5e-4d5e5756af65 | B49: 28539715-1be1-450e-8d63-2e8ef0dd0596 | C49: ["CAWI"] | D49: 4 | E49: FALSE | F49: 3671 | G49: 5 | H49: SUBMITTED RESPONDENT | I49: FALSE | J49: LiEDONG | K49: Pinang griya permai blok E no 1091 | M49: purnamasarilinawati@gmail.com | O49: 0220005162327 | T49: 2026-05-05T13:19:41.645+00:00 | U49: TRUE | V49: 0 | W49: 0 | X49: 0 | Y49: FALSE | Z49: FALSE | AA49: 0 | AB49: 0 | AC49: TRUE | AD49: purnamasarilinawati@gmail.com | AE49: U-CAWI | AF49: FALSE | AG49: 2026-05-07T00:27:33.717+00:00 | AH49: [] | AI49: [] | AJ49: {"id": "bfce7f62-5d5a-4ddb-aa9a-1cc4f918ddf0", "groupId": "106eaacb-2e9d-4f2d-b436-9c1abdacd45e", "versionCode": 1.0, "dateCreated": "2025-04-26T17:20:35.094+00:00", "isActive": true, "level1": {"id": "89dde136-a5c9-4325-ab78-2d382087f68e", "fullCode": "36", "code": "36", "name": "BANTEN", "level2": {"id": "bfce7f62-5d5a-4ddb-aa9a-1cc4f918ddf0", "fullCode": "3671", "code": "71", "name": "TANGERANG"}}} | AK49: {"id": "106eaacb-2e9d-4f2d-b436-9c1abdacd45e", "levelCount": 2, "smallestRegionLevel": "Kabupaten", "groupName": "MFD Feb25 KABUPATEN", "level": [{"id": 1, "name": "Provinsi"}, {"id": 2, "name": "Kabupaten"}]} | AL49: 1 | AM49: TRUE | AN49: [] | AO49: FALSE | AP49: FALSE | AQ49: PROVINSI
A50: ef912ca0-5e37-41dd-a545-2da4a8143422 | B50: 28539715-1be1-450e-8d63-2e8ef0dd0596 | C50: ["CAWI"] | D50: 1 | E50: FALSE | F50: 3671 | G50: 0 | H50: OPEN | I50: FALSE | J50: PRIMA FRESHMAT | K50: Jl Banjar wijaya blok A 3 | M50: retail1.jvregcy@cp.co.id | T50: 2026-05-06T23:16:06.810+00:00 | U50: TRUE | V50: 0 | W50: 0 | X50: 0 | Y50: FALSE | Z50: FALSE | AC50: FALSE | AD50: retail1.jvregcy@cp.co.id | AF50: FALSE | AG50: 2026-05-06T23:16:06.810+00:00 | AH50: [] | AI50: [] | AJ50: {"id": "bfce7f62-5d5a-4ddb-aa9a-1cc4f918ddf0", "groupId": "106eaacb-2e9d-4f2d-b436-9c1abdacd45e", "versionCode": 1.0, "dateCreated": "2025-04-26T17:20:35.094+00:00", "isActive": true, "level1": {"id": "89dde136-a5c9-4325-ab78-2d382087f68e", "fullCode": "36", "code": "36", "name": "BANTEN", "level2": {"id": "bfce7f62-5d5a-4ddb-aa9a-1cc4f918ddf0", "fullCode": "3671", "code": "71", "name": "TANGERANG"}}} | AK50: {"id": "106eaacb-2e9d-4f2d-b436-9c1abdacd45e", "levelCount": 2, "smallestRegionLevel": "Kabupaten", "groupName": "MFD Feb25 KABUPATEN", "level": [{"id": 1, "name": "Provinsi"}, {"id": 2, "name": "Kabupaten"}]} | AL50: 1 | AM50: TRUE | AN50: [] | AO50: FALSE | AP50: FALSE | AQ50: PROVINSI
A51: 166fb62d-e7af-4d95-a223-f7810b8b5ac2 | B51: 28539715-1be1-450e-8d63-2e8ef0dd0596 | C51: ["CAWI"] | D51: 1 | E51: FALSE | F51: 3671 | G51: 0 | H51: OPEN | I51: FALSE | J51: Loligo Berkah | K51: Jln. Akasia Rt 05/03 Komplek Graha Tajur Asri | M51: 7ulu.loligo@gmail.com | O51: 2409210029636 | T51: 2026-05-06T23:16:06.638+00:00 | U51: TRUE | V51: 0 | W51: 0 | X51: 0 | Y51: FALSE | Z51: FALSE | AC51: FALSE | AD51: 7ulu.loligo@gmail.com | AF51: FALSE | AG51: 2026-05-06T23:16:06.638+00:00 | AH51: [] | AI51: [] | AJ51: {"id": "bfce7f62-5d5a-4ddb-aa9a-1cc4f918ddf0", "groupId": "106eaacb-2e9d-4f2d-b436-9c1abdacd45e", "versionCode": 1.0, "dateCreated": "2025-04-26T17:20:35.094+00:00", "isActive": true, "level1": {"id": "89dde136-a5c9-4325-ab78-2d382087f68e", "fullCode": "36", "code": "36", "name": "BANTEN", "level2": {"id": "bfce7f62-5d5a-4ddb-aa9a-1cc4f918ddf0", "fullCode": "3671", "code": "71", "name": "TANGERANG"}}} | AK51: {"id": "106eaacb-2e9d-4f2d-b436-9c1abdacd45e", "levelCount": 2, "smallestRegionLevel": "Kabupaten", "groupName": "MFD Feb25 KABUPATEN", "level": [{"id": 1, "name": "Provinsi"}, {"id": 2, "name": "Kabupaten"}]} | AL51: 1 | AM51: TRUE | AN51: [] | AO51: FALSE | AP51: FALSE | AQ51: PROVINSI
A52: 71c14594-2670-49e5-a879-d7b81502395d | B52: 28539715-1be1-450e-8d63-2e8ef0dd0596 | C52: ["CAWI"] | D52: 1 | E52: FALSE | F52: 3671 | G52: 0 | H52: OPEN | I52: FALSE | J52: PT Anugrah Citra Boga | K52: Jln industri bojong larang no 7 | M52: acb.anugrah@gmail.com | O52: 220304331507 | T52: 2026-05-06T23:16:06.455+00:00 | U52: TRUE | V52: 0 | W52: 0 | X52: 0 | Y52: FALSE | Z52: FALSE | AC52: FALSE | AD52: acb.anugrah@gmail.com | AF52: FALSE | AG52: 2026-05-06T23:16:06.455+00:00 | AH52: [] | AI52: [] | AJ52: {"id": "bfce7f62-5d5a-4ddb-aa9a-1cc4f918ddf0", "groupId": "106eaacb-2e9d-4f2d-b436-9c1abdacd45e", "versionCode": 1.0, "dateCreated": "2025-04-26T17:20:35.094+00:00", "isActive": true, "level1": {"id": "89dde136-a5c9-4325-ab78-2d382087f68e", "fullCode": "36", "code": "36", "name": "BANTEN", "level2": {"id": "bfce7f62-5d5a-4ddb-aa9a-1cc4f918ddf0", "fullCode": "3671", "code": "71", "name": "TANGERANG"}}} | AK52: {"id": "106eaacb-2e9d-4f2d-b436-9c1abdacd45e", "levelCount": 2, "smallestRegionLevel": "Kabupaten", "groupName": "MFD Feb25 KABUPATEN", "level": [{"id": 1, "name": "Provinsi"}, {"id": 2, "name": "Kabupaten"}]} | AL52: 1 | AM52: TRUE | AN52: [] | AO52: FALSE | AP52: FALSE | AQ52: PROVINSI
A53: 678a95b3-8868-4df2-b980-3b317acaddad | B53: 28539715-1be1-450e-8d63-2e8ef0dd0596 | C53: ["CAWI"] | D53: 1 | E53: FALSE | F53: 3671 | G53: 0 | H53: OPEN | I53: FALSE | J53: PT Mina Foods Nusantara | K53: Jl maulana hasanuddin gg. Kabel 1 | M53: rika_erna@yahoo.com | T53: 2026-05-06T23:16:05.692+00:00 | U53: TRUE | V53: 0 | W53: 0 | X53: 0 | Y53: FALSE | Z53: FALSE | AC53: FALSE | AD53: rika_erna@yahoo.com | AF53: FALSE | AG53: 2026-05-06T23:16:05.692+00:00 | AH53: [] | AI53: [] | AJ53: {"id": "bfce7f62-5d5a-4ddb-aa9a-1cc4f918ddf0", "groupId": "106eaacb-2e9d-4f2d-b436-9c1abdacd45e", "versionCode": 1.0, "dateCreated": "2025-04-26T17:20:35.094+00:00", "isActive": true, "level1": {"id": "89dde136-a5c9-4325-ab78-2d382087f68e", "fullCode": "36", "code": "36", "name": "BANTEN", "level2": {"id": "bfce7f62-5d5a-4ddb-aa9a-1cc4f918ddf0", "fullCode": "3671", "code": "71", "name": "TANGERANG"}}} | AK53: {"id": "106eaacb-2e9d-4f2d-b436-9c1abdacd45e", "levelCount": 2, "smallestRegionLevel": "Kabupaten", "groupName": "MFD Feb25 KABUPATEN", "level": [{"id": 1, "name": "Provinsi"}, {"id": 2, "name": "Kabupaten"}]} | AL53: 1 | AM53: TRUE | AN53: [] | AO53: FALSE | AP53: FALSE | AQ53: PROVINSI
A54: 261d6249-f6d1-49c7-a25e-ed2079e657d7 | B54: 28539715-1be1-450e-8d63-2e8ef0dd0596 | C54: ["CAWI"] | D54: 4 | E54: FALSE | F54: 0220409881926 | G54: 5 | H54: SUBMITTED RESPONDENT | I54: FALSE | J54: PT. SUMAMPAU PEMBANGUNAN LESTARI | K54: PONDOK AREN TANGSEL | M54: ricky.wijaya@aviaryhotel.com | O54: 0220409881926 | T54: 2026-04-30T07:24:41.619+00:00 | U54: TRUE | V54: 0 | W54: 0 | X54: 0 | Y54: FALSE | Z54: FALSE | AA54: 0 | AB54: 0 | AC54: TRUE | AD54: ricky.wijaya@aviaryhotel.com | AE54: CAWI | AF54: FALSE | AG54: 2026-05-06T10:00:40.410+00:00 | AH54: [] | AI54: [] | AJ54: {"id": "3c7d6867-32a0-4006-9d0a-b8d39ff646d1", "groupId": "106eaacb-2e9d-4f2d-b436-9c1abdacd45e", "versionCode": 1.0, "dateCreated": "2025-04-26T17:20:35.126+00:00", "isActive": true, "level1": {"id": "89dde136-a5c9-4325-ab78-2d382087f68e", "fullCode": "36", "code": "36", "name": "BANTEN", "level2": {"id": "3c7d6867-32a0-4006-9d0a-b8d39ff646d1", "fullCode": "3674", "code": "74", "name": "TANGERANG SELATAN"}}} | AK54: {"id": "106eaacb-2e9d-4f2d-b436-9c1abdacd45e", "levelCount": 2, "smallestRegionLevel": "Kabupaten", "groupName": "MFD Feb25 KABUPATEN", "level": [{"id": 1, "name": "Provinsi"}, {"id": 2, "name": "Kabupaten"}]} | AL54: 1 | AM54: TRUE | AN54: [] | AO54: FALSE | AP54: FALSE | AQ54: PROVINSI
A55: 9af63250-3a69-40ed-8bd7-59da554874ee | B55: 28539715-1be1-450e-8d63-2e8ef0dd0596 | C55: ["CAWI"] | D55: 4 | E55: FALSE | F55: 8120214042822 | G55: 5 | H55: SUBMITTED RESPONDENT | I55: FALSE | J55: PT. Soll Marina (Grand Soll Marina Hotel) | K55: Jln. Gatot Subroto KM 5.3 Gandasari - Jatiuwung Tangerang 15137 | M55: gm.gsmh@sollmarinahotel.com | O55: 8120214042822 | T55: 2026-05-06T02:56:37.074+00:00 | U55: TRUE | V55: 0 | W55: 0 | X55: 0 | Y55: FALSE | Z55: FALSE | AA55: 0 | AB55: 0 | AC55: TRUE | AD55: gm.gsmh@sollmarinahotel.com | AE55: CAWI | AF55: FALSE | AG55: 2026-05-06T09:49:26.433+00:00 | AH55: [] | AI55: [] | AJ55: {"id": "4dbdaf00-9318-4ea5-91e0-0fb0814f5c04", "groupId": "106eaacb-2e9d-4f2d-b436-9c1abdacd45e", "versionCode": 1.0, "dateCreated": "2025-04-26T17:20:35.071+00:00", "isActive": true, "level1": {"id": "89dde136-a5c9-4325-ab78-2d382087f68e", "fullCode": "36", "code": "36", "name": "BANTEN", "level2": {"id": "4dbdaf00-9318-4ea5-91e0-0fb0814f5c04", "fullCode": "3603", "code": "03", "name": "TANGERANG"}}} | AK55: {"id": "106eaacb-2e9d-4f2d-b436-9c1abdacd45e", "levelCount": 2, "smallestRegionLevel": "Kabupaten", "groupName": "MFD Feb25 KABUPATEN", "level": [{"id": 1, "name": "Provinsi"}, {"id": 2, "name": "Kabupaten"}]} | AL55: 1 | AM55: TRUE | AN55: [] | AO55: FALSE | AP55: FALSE | AQ55: PROVINSI
A56: fce53ad8-ffad-4c70-b45e-26cc6b8925a7 | B56: 28539715-1be1-450e-8d63-2e8ef0dd0596 | C56: ["CAWI"] | D56: 4 | E56: FALSE | F56: 3672 | G56: 0 | H56: DRAFT | I56: FALSE | J56: PT. Pancapuri Indoperkasa (Kawasan Industri Pancapuri) | K56: Wisma Barito Pasific, Jl. Letnan S. Parman Kav. 62-63, Jakarta Barat | M56: pmi.priana1462@gmail.com | N56: 7479195 | O56: 8120113271813 | T56: 2026-04-28T09:30:32.776+00:00 | U56: TRUE | V56: 0 | W56: 0 | X56: 0 | Y56: FALSE | Z56: FALSE | AA56: 0 | AB56: 0 | AC56: FALSE | AD56: pmi.priana1462@gmail.com | AE56: U-CAWI | AF56: FALSE | AG56: 2026-05-06T08:43:54.165+00:00 | AH56: [] | AI56: [] | AJ56: {"id": "a4276ff7-8dfc-4165-8df4-af6422d59ce3", "groupId": "106eaacb-2e9d-4f2d-b436-9c1abdacd45e", "versionCode": 1.0, "dateCreated": "2025-04-26T17:20:35.105+00:00", "isActive": true, "level1": {"id": "89dde136-a5c9-4325-ab78-2d382087f68e", "fullCode": "36", "code": "36", "name": "BANTEN", "level2": {"id": "a4276ff7-8dfc-4165-8df4-af6422d59ce3", "fullCode": "3672", "code": "72", "name": "CILEGON"}}} | AK56: {"id": "106eaacb-2e9d-4f2d-b436-9c1abdacd45e", "levelCount": 2, "smallestRegionLevel": "Kabupaten", "groupName": "MFD Feb25 KABUPATEN", "level": [{"id": 1, "name": "Provinsi"}, {"id": 2, "name": "Kabupaten"}]} | AL56: 1 | AM56: TRUE | AN56: [] | AO56: FALSE | AP56: FALSE | AQ56: PROVINSI
A57: 916e3121-0c48-4a28-a547-b5b20a88395c | B57: 28539715-1be1-450e-8d63-2e8ef0dd0596 | C57: ["CAWI"] | D57: 4 | E57: FALSE | F57: 3672 | G57: 0 | H57: DRAFT | I57: FALSE | J57: KOPERASI KONSUMEN RUMAH BERDAYA CILEGON | K57: JALAN PANDAWA NOMOR: 129 C-7 KAVLING BLOK J | T57: 2026-05-05T13:42:47.739+00:00 | U57: TRUE | V57: 0 | W57: 0 | X57: 0 | Y57: FALSE | Z57: FALSE | AA57: 0 | AB57: 0 | AC57: FALSE | AD57: desmaliania@gmail.com | AE57: U-CAWI | AF57: FALSE | AG57: 2026-05-06T07:45:28.454+00:00 | AH57: [] | AI57: [] | AJ57: {"id": "a4276ff7-8dfc-4165-8df4-af6422d59ce3", "groupId": "106eaacb-2e9d-4f2d-b436-9c1abdacd45e", "versionCode": 1.0, "dateCreated": "2025-04-26T17:20:35.105+00:00", "isActive": true, "level1": {"id": "89dde136-a5c9-4325-ab78-2d382087f68e", "fullCode": "36", "code": "36", "name": "BANTEN", "level2": {"id": "a4276ff7-8dfc-4165-8df4-af6422d59ce3", "fullCode": "3672", "code": "72", "name": "CILEGON"}}} | AK57: {"id": "106eaacb-2e9d-4f2d-b436-9c1abdacd45e", "levelCount": 2, "smallestRegionLevel": "Kabupaten", "groupName": "MFD Feb25 KABUPATEN", "level": [{"id": 1, "name": "Provinsi"}, {"id": 2, "name": "Kabupaten"}]} | AL57: 1 | AM57: TRUE | AN57: [] | AO57: FALSE | AP57: FALSE | AQ57: PROVINSI
A58: 3913406b-a42e-4e24-8d97-03453a28991d | B58: 28539715-1be1-450e-8d63-2e8ef0dd0596 | C58: ["CAWI"] | D58: 4 | E58: FALSE | F58: 3671 | G58: 0 | H58: DRAFT | I58: FALSE | J58: Rohayati | K58: Perumahan Taman Kota Permai 2, Blok B5 no.14, jln Melati 4, RT 05/ RW 012 | M58: rohayatiq120475@gmail.com | O58: 1293000242639 | T58: 2026-05-05T13:19:41.042+00:00 | U58: TRUE | V58: 0 | W58: 0 | X58: 0 | Y58: FALSE | Z58: FALSE | AA58: 0 | AB58: 0 | AC58: FALSE | AD58: rohayatiq120475@gmail.com | AE58: U-CAWI | AF58: FALSE | AG58: 2026-05-06T07:43:06.753+00:00 | AH58: [] | AI58: [] | AJ58: {"id": "bfce7f62-5d5a-4ddb-aa9a-1cc4f918ddf0", "groupId": "106eaacb-2e9d-4f2d-b436-9c1abdacd45e", "versionCode": 1.0, "dateCreated": "2025-04-26T17:20:35.094+00:00", "isActive": true, "level1": {"id": "89dde136-a5c9-4325-ab78-2d382087f68e", "fullCode": "36", "code": "36", "name": "BANTEN", "level2": {"id": "bfce7f62-5d5a-4ddb-aa9a-1cc4f918ddf0", "fullCode": "3671", "code": "71", "name": "TANGERANG"}}} | AK58: {"id": "106eaacb-2e9d-4f2d-b436-9c1abdacd45e", "levelCount": 2, "smallestRegionLevel": "Kabupaten", "groupName": "MFD Feb25 KABUPATEN", "level": [{"id": 1, "name": "Provinsi"}, {"id": 2, "name": "Kabupaten"}]} | AL58: 1 | AM58: TRUE | AN58: [] | AO58: FALSE | AP58: FALSE | AQ58: PROVINSI
A59: 04638d4e-80f6-4980-bab7-7665cc5eeed7 | B59: 28539715-1be1-450e-8d63-2e8ef0dd0596 | C59: ["CAWI"] | D59: 4 | E59: FALSE | F59: 3671 | G59: 0 | H59: DRAFT | I59: FALSE | J59: Kreasi Mama Noy | K59: Gg haji sapri ,no.62 | M59: kikyrizkyameli08@gmail.com | N59: 57472014 | O59: 1246000210123 | T59: 2026-05-05T13:19:28.735+00:00 | U59: TRUE | V59: 0 | W59: 0 | X59: 0 | Y59: FALSE | Z59: FALSE | AA59: 0 | AB59: 0 | AC59: FALSE | AD59: kikyrizkyameli08@gmail.com | AE59: U-CAWI | AF59: FALSE | AG59: 2026-05-06T07:35:02.091+00:00 | AH59: [] | AI59: [] | AJ59: {"id": "bfce7f62-5d5a-4ddb-aa9a-1cc4f918ddf0", "groupId": "106eaacb-2e9d-4f2d-b436-9c1abdacd45e", "versionCode": 1.0, "dateCreated": "2025-04-26T17:20:35.094+00:00", "isActive": true, "level1": {"id": "89dde136-a5c9-4325-ab78-2d382087f68e", "fullCode": "36", "code": "36", "name": "BANTEN", "level2": {"id": "bfce7f62-5d5a-4ddb-aa9a-1cc4f918ddf0", "fullCode": "3671", "code": "71", "name": "TANGERANG"}}} | AK59: {"id": "106eaacb-2e9d-4f2d-b436-9c1abdacd45e", "levelCount": 2, "smallestRegionLevel": "Kabupaten", "groupName": "MFD Feb25 KABUPATEN", "level": [{"id": 1, "name": "Provinsi"}, {"id": 2, "name": "Kabupaten"}]} | AL59: 1 | AM59: TRUE | AN59: [] | AO59: FALSE | AP59: FALSE | AQ59: PROVINSI
A60: d72c4e15-612a-410b-a1d9-6f04c81fe21a | B60: 28539715-1be1-450e-8d63-2e8ef0dd0596 | C60: ["CAWI"] | D60: 4 | E60: FALSE | F60: 3671 | G60: 0 | H60: DRAFT | I60: FALSE | J60: PT. Pesona Bintang Sawi | K60: Jl. Sawi Raya no 69, Desa/Kelurahan Cibodasari, Kec. Cibodas, Kota Tangerang, Provinsi Banten, | M60: bintangsawifood@gmail.com | O60: 1512250048683 | T60: 2026-05-05T13:19:36.461+00:00 | U60: TRUE | V60: 0 | W60: 0 | X60: 0 | Y60: FALSE | Z60: FALSE | AA60: 0 | AB60: 0 | AC60: FALSE | AD60: bintangsawifood@gmail.com | AE60: U-CAWI | AF60: FALSE | AG60: 2026-05-06T07:15:22.987+00:00 | AH60: [] | AI60: [] | AJ60: {"id": "bfce7f62-5d5a-4ddb-aa9a-1cc4f918ddf0", "groupId": "106eaacb-2e9d-4f2d-b436-9c1abdacd45e", "versionCode": 1.0, "dateCreated": "2025-04-26T17:20:35.094+00:00", "isActive": true, "level1": {"id": "89dde136-a5c9-4325-ab78-2d382087f68e", "fullCode": "36", "code": "36", "name": "BANTEN", "level2": {"id": "bfce7f62-5d5a-4ddb-aa9a-1cc4f918ddf0", "fullCode": "3671", "code": "71", "name": "TANGERANG"}}} | AK60: {"id": "106eaacb-2e9d-4f2d-b436-9c1abdacd45e", "levelCount": 2, "smallestRegionLevel": "Kabupaten", "groupName": "MFD Feb25 KABUPATEN", "level": [{"id": 1, "name": "Provinsi"}, {"id": 2, "name": "Kabupaten"}]} | AL60: 1 | AM60: TRUE | AN60: [] | AO60: FALSE | AP60: FALSE | AQ60: PROVINSI
A61: 29cb9684-0945-465e-815c-5bc21ee38579 | B61: 28539715-1be1-450e-8d63-2e8ef0dd0596 | C61: ["CAWI"] | D61: 4 | E61: FALSE | F61: 3671 | G61: 5 | H61: SUBMITTED RESPONDENT | I61: FALSE | J61: Nyit Nyit Kunyut | K61: PERUM BUGEL INDAH JALAN GUNUNG SEMERU BLOK D11 / NO 08 RT 003 RW 011 | N61: 27452827 | O61: 1002230014493 | T61: 2026-05-05T13:19:26.871+00:00 | U61: TRUE | V61: 0 | W61: 0 | X61: 0 | Y61: FALSE | Z61: FALSE | AA61: 0 | AB61: 0 | AC61: TRUE | AD61: kusmianingsihnita81@gmail.com | AE61: U-CAWI | AF61: FALSE | AG61: 2026-05-06T06:40:55.115+00:00 | AH61: [] | AI61: [] | AJ61: {"id": "bfce7f62-5d5a-4ddb-aa9a-1cc4f918ddf0", "groupId": "106eaacb-2e9d-4f2d-b436-9c1abdacd45e", "versionCode": 1.0, "dateCreated": "2025-04-26T17:20:35.094+00:00", "isActive": true, "level1": {"id": "89dde136-a5c9-4325-ab78-2d382087f68e", "fullCode": "36", "code": "36", "name": "BANTEN", "level2": {"id": "bfce7f62-5d5a-4ddb-aa9a-1cc4f918ddf0", "fullCode": "3671", "code": "71", "name": "TANGERANG"}}} | AK61: {"id": "106eaacb-2e9d-4f2d-b436-9c1abdacd45e", "levelCount": 2, "smallestRegionLevel": "Kabupaten", "groupName": "MFD Feb25 KABUPATEN", "level": [{"id": 1, "name": "Provinsi"}, {"id": 2, "name": "Kabupaten"}]} | AL61: 1 | AM61: TRUE | AN61: [] | AO61: FALSE | AP61: FALSE | AQ61: PROVINSI
A62: fe1154de-22d1-4447-aef6-6a74e712546f | B62: 28539715-1be1-450e-8d63-2e8ef0dd0596 | C62: ["CAWI"] | D62: 4 | E62: FALSE | F62: 3671 | G62: 5 | H62: SUBMITTED RESPONDENT | I62: FALSE | J62: Anandani Group,CV | K62: Kota Tangerang | O62: 1209000341581 | T62: 2026-05-05T13:19:32.131+00:00 | U62: TRUE | V62: 0 | W62: 0 | X62: 0 | Y62: FALSE | Z62: FALSE | AA62: 0 | AB62: 0 | AC62: TRUE | AD62: Cv.anandanigroup@gmail.com | AE62: U-CAWI | AF62: FALSE | AG62: 2026-05-06T06:12:13.977+00:00 | AH62: [] | AI62: [] | AJ62: {"id": "bfce7f62-5d5a-4ddb-aa9a-1cc4f918ddf0", "groupId": "106eaacb-2e9d-4f2d-b436-9c1abdacd45e", "versionCode": 1.0, "dateCreated": "2025-04-26T17:20:35.094+00:00", "isActive": true, "level1": {"id": "89dde136-a5c9-4325-ab78-2d382087f68e", "fullCode": "36", "code": "36", "name": "BANTEN", "level2": {"id": "bfce7f62-5d5a-4ddb-aa9a-1cc4f918ddf0", "fullCode": "3671", "code": "71", "name": "TANGERANG"}}} | AK62: {"id": "106eaacb-2e9d-4f2d-b436-9c1abdacd45e", "levelCount": 2, "smallestRegionLevel": "Kabupaten", "groupName": "MFD Feb25 KABUPATEN", "level": [{"id": 1, "name": "Provinsi"}, {"id": 2, "name": "Kabupaten"}]} | AL62: 1 | AM62: TRUE | AN62: [] | AO62: FALSE | AP62: FALSE | AQ62: PROVINSI
A63: 8bf30c56-2407-407f-aa21-179ba359aa92 | B63: 28539715-1be1-450e-8d63-2e8ef0dd0596 | C63: ["CAWI"] | D63: 4 | E63: FALSE | F63: 3671 | G63: 0 | H63: DRAFT | I63: FALSE | J63: Mama Yam | K63: Kota Tangerang | O63: 3173035203930005 | T63: 2026-05-05T13:19:25.207+00:00 | U63: TRUE | V63: 0 | W63: 0 | X63: 0 | Y63: FALSE | Z63: FALSE | AA63: 0 | AB63: 0 | AC63: FALSE | AD63: marsclin@gmail.com | AE63: U-CAWI | AF63: FALSE | AG63: 2026-05-06T06:01:06.069+00:00 | AH63: [] | AI63: [] | AJ63: {"id": "bfce7f62-5d5a-4ddb-aa9a-1cc4f918ddf0", "groupId": "106eaacb-2e9d-4f2d-b436-9c1abdacd45e", "versionCode": 1.0, "dateCreated": "2025-04-26T17:20:35.094+00:00", "isActive": true, "level1": {"id": "89dde136-a5c9-4325-ab78-2d382087f68e", "fullCode": "36", "code": "36", "name": "BANTEN", "level2": {"id": "bfce7f62-5d5a-4ddb-aa9a-1cc4f918ddf0", "fullCode": "3671", "code": "71", "name": "TANGERANG"}}} | AK63: {"id": "106eaacb-2e9d-4f2d-b436-9c1abdacd45e", "levelCount": 2, "smallestRegionLevel": "Kabupaten", "groupName": "MFD Feb25 KABUPATEN", "level": [{"id": 1, "name": "Provinsi"}, {"id": 2, "name": "Kabupaten"}]} | AL63: 1 | AM63: TRUE | AN63: [] | AO63: FALSE | AP63: FALSE | AQ63: PROVINSI
A64: d70371c1-3ac1-4a93-b9b6-b2042f0f9180 | B64: 28539715-1be1-450e-8d63-2e8ef0dd0596 | C64: ["CAWI"] | D64: 4 | E64: FALSE | F64: 3671 | G64: 5 | H64: SUBMITTED RESPONDENT | I64: FALSE | J64: Es Teler Sultan Fanissa | K64: Kota Tangerang | T64: 2026-05-05T13:19:27.475+00:00 | U64: TRUE | V64: 0 | W64: 0 | X64: 0 | Y64: FALSE | Z64: FALSE | AA64: 0 | AB64: 0 | AC64: TRUE | AD64: nurhasanah030185@gmail.com | AE64: U-CAWI | AF64: FALSE | AG64: 2026-05-06T05:59:41.316+00:00 | AH64: [] | AI64: [] | AJ64: {"id": "bfce7f62-5d5a-4ddb-aa9a-1cc4f918ddf0", "groupId": "106eaacb-2e9d-4f2d-b436-9c1abdacd45e", "versionCode": 1.0, "dateCreated": "2025-04-26T17:20:35.094+00:00", "isActive": true, "level1": {"id": "89dde136-a5c9-4325-ab78-2d382087f68e", "fullCode": "36", "code": "36", "name": "BANTEN", "level2": {"id": "bfce7f62-5d5a-4ddb-aa9a-1cc4f918ddf0", "fullCode": "3671", "code": "71", "name": "TANGERANG"}}} | AK64: {"id": "106eaacb-2e9d-4f2d-b436-9c1abdacd45e", "levelCount": 2, "smallestRegionLevel": "Kabupaten", "groupName": "MFD Feb25 KABUPATEN", "level": [{"id": 1, "name": "Provinsi"}, {"id": 2, "name": "Kabupaten"}]} | AL64: 1 | AM64: TRUE | AN64: [] | AO64: FALSE | AP64: FALSE | AQ64: PROVINSI
A65: cfeb00c0-7a2b-4e1a-b4df-3d608e12dd5f | B65: 28539715-1be1-450e-8d63-2e8ef0dd0596 | C65: ["CAWI"] | D65: 4 | E65: FALSE | F65: 3671 | G65: 5 | H65: SUBMITTED RESPONDENT | I65: FALSE | J65: Dapoer Ayam | K65: Jl. Sangabuana 3 Blok CB 4/24, Kel. Gebang Raya, Kec. Periuk , RT 10/RW 10 | M65: novikresnawati29@gmail.com | N65: 56902981 | O65: 1702220049601 | T65: 2026-05-05T13:19:27.022+00:00 | U65: TRUE | V65: 0 | W65: 0 | X65: 0 | Y65: FALSE | Z65: FALSE | AA65: 0 | AB65: 0 | AC65: TRUE | AD65: novikresnawati29@gmail.com | AE65: U-CAWI | AF65: FALSE | AG65: 2026-05-06T05:56:18.761+00:00 | AH65: [] | AI65: [] | AJ65: {"id": "bfce7f62-5d5a-4ddb-aa9a-1cc4f918ddf0", "groupId": "106eaacb-2e9d-4f2d-b436-9c1abdacd45e", "versionCode": 1.0, "dateCreated": "2025-04-26T17:20:35.094+00:00", "isActive": true, "level1": {"id": "89dde136-a5c9-4325-ab78-2d382087f68e", "fullCode": "36", "code": "36", "name": "BANTEN", "level2": {"id": "bfce7f62-5d5a-4ddb-aa9a-1cc4f918ddf0", "fullCode": "3671", "code": "71", "name": "TANGERANG"}}} | AK65: {"id": "106eaacb-2e9d-4f2d-b436-9c1abdacd45e", "levelCount": 2, "smallestRegionLevel": "Kabupaten", "groupName": "MFD Feb25 KABUPATEN", "level": [{"id": 1, "name": "Provinsi"}, {"id": 2, "name": "Kabupaten"}]} | AL65: 1 | AM65: TRUE | AN65: [] | AO65: FALSE | AP65: FALSE | AQ65: PROVINSI
A66: 722846ee-6b30-49cc-afcb-1842a41dc12f | B66: 28539715-1be1-450e-8d63-2e8ef0dd0596 | C66: ["CAWI"] | D66: 4 | E66: FALSE | F66: 3671 | G66: 5 | H66: SUBMITTED RESPONDENT | I66: FALSE | J66: Gg Gourmet | K66: Kp.keroncong, RT 7/RW 3 | N66: 52310618 | O66: 1601240056305 | T66: 2026-05-05T13:19:27.972+00:00 | U66: TRUE | V66: 0 | W66: 0 | X66: 0 | Y66: FALSE | Z66: FALSE | AA66: 0 | AB66: 0 | AC66: TRUE | AD66: rhinesetiyanto2025@gmail.com | AE66: U-CAWI | AF66: FALSE | AG66: 2026-05-06T05:55:53.644+00:00 | AH66: [] | AI66: [] | AJ66: {"id": "bfce7f62-5d5a-4ddb-aa9a-1cc4f918ddf0", "groupId": "106eaacb-2e9d-4f2d-b436-9c1abdacd45e", "versionCode": 1.0, "dateCreated": "2025-04-26T17:20:35.094+00:00", "isActive": true, "level1": {"id": "89dde136-a5c9-4325-ab78-2d382087f68e", "fullCode": "36", "code": "36", "name": "BANTEN", "level2": {"id": "bfce7f62-5d5a-4ddb-aa9a-1cc4f918ddf0", "fullCode": "3671", "code": "71", "name": "TANGERANG"}}} | AK66: {"id": "106eaacb-2e9d-4f2d-b436-9c1abdacd45e", "levelCount": 2, "smallestRegionLevel": "Kabupaten", "groupName": "MFD Feb25 KABUPATEN", "level": [{"id": 1, "name": "Provinsi"}, {"id": 2, "name": "Kabupaten"}]} | AL66: 1 | AM66: TRUE | AN66: [] | AO66: FALSE | AP66: FALSE | AQ66: PROVINSI
A67: 6d4cb158-7df2-4937-9f1f-b286bdd5dae4 | B67: 28539715-1be1-450e-8d63-2e8ef0dd0596 | C67: ["CAWI"] | D67: 4 | E67: FALSE | F67: 3671 | G67: 5 | H67: SUBMITTED RESPONDENT | I67: FALSE | J67: Natani Snack | K67: JL.KALPATARU NO.15, RT 5/RW 7 | M67: ambarwati10002@gmail.com | N67: 56995543 | O67: 1290000700196 | T67: 2026-05-05T13:19:26.115+00:00 | U67: TRUE | V67: 0 | W67: 0 | X67: 0 | Y67: FALSE | Z67: FALSE | AA67: 0 | AB67: 0 | AC67: TRUE | AD67: ambarwati10002@gmail.com | AE67: U-CAWI | AF67: FALSE | AG67: 2026-05-06T05:53:40.976+00:00 | AH67: [] | AI67: [] | AJ67: {"id": "bfce7f62-5d5a-4ddb-aa9a-1cc4f918ddf0", "groupId": "106eaacb-2e9d-4f2d-b436-9c1abdacd45e", "versionCode": 1.0, "dateCreated": "2025-04-26T17:20:35.094+00:00", "isActive": true, "level1": {"id": "89dde136-a5c9-4325-ab78-2d382087f68e", "fullCode": "36", "code": "36", "name": "BANTEN", "level2": {"id": "bfce7f62-5d5a-4ddb-aa9a-1cc4f918ddf0", "fullCode": "3671", "code": "71", "name": "TANGERANG"}}} | AK67: {"id": "106eaacb-2e9d-4f2d-b436-9c1abdacd45e", "levelCount": 2, "smallestRegionLevel": "Kabupaten", "groupName": "MFD Feb25 KABUPATEN", "level": [{"id": 1, "name": "Provinsi"}, {"id": 2, "name": "Kabupaten"}]} | AL67: 1 | AM67: TRUE | AN67: [] | AO67: FALSE | AP67: FALSE | AQ67: PROVINSI
A68: 15b77a4a-1f53-4c74-822c-27ca8a7e9146 | B68: 28539715-1be1-450e-8d63-2e8ef0dd0596 | C68: ["CAWI"] | D68: 4 | E68: FALSE | F68: 3671 | G68: 0 | H68: DRAFT | I68: FALSE | J68: Kedai Salbi | K68: Jl. Balita 9 no 11, RT 4/RW 4 | M68: dianaapriani976@gmail.com | N68: 57326795 | O68: 2301220009238 | T68: 2026-05-05T13:19:20.311+00:00 | U68: TRUE | V68: 0 | W68: 0 | X68: 0 | Y68: FALSE | Z68: FALSE | AA68: 0 | AB68: 0 | AC68: FALSE | AD68: dianapriani1976@gmail.com | AE68: U-CAWI | AF68: FALSE | AG68: 2026-05-06T05:51:14.423+00:00 | AH68: [] | AI68: [] | AJ68: {"id": "bfce7f62-5d5a-4ddb-aa9a-1cc4f918ddf0", "groupId": "106eaacb-2e9d-4f2d-b436-9c1abdacd45e", "versionCode": 1.0, "dateCreated": "2025-04-26T17:20:35.094+00:00", "isActive": true, "level1": {"id": "89dde136-a5c9-4325-ab78-2d382087f68e", "fullCode": "36", "code": "36", "name": "BANTEN", "level2": {"id": "bfce7f62-5d5a-4ddb-aa9a-1cc4f918ddf0", "fullCode": "3671", "code": "71", "name": "TANGERANG"}}} | AK68: {"id": "106eaacb-2e9d-4f2d-b436-9c1abdacd45e", "levelCount": 2, "smallestRegionLevel": "Kabupaten", "groupName": "MFD Feb25 KABUPATEN", "level": [{"id": 1, "name": "Provinsi"}, {"id": 2, "name": "Kabupaten"}]} | AL68: 1 | AM68: TRUE | AN68: [] | AO68: FALSE | AP68: FALSE | AQ68: PROVINSI
A69: f4055d29-6ca7-4498-a652-0c6e84228d20 | B69: 28539715-1be1-450e-8d63-2e8ef0dd0596 | C69: ["CAWI"] | D69: 4 | E69: FALSE | F69: 3671 | G69: 0 | H69: DRAFT | I69: FALSE | J69: Andalan Barokan Frozen | K69: Jln haji riwan 2 no 27 rt 004 rw 014 kel. Kunciran indah kec.pinang kota tangerang , banten | M69: lianaasmarani18@gmail.com | N69: 58164139 | O69: 0220405812157 | T69: 2026-05-05T13:19:24.734+00:00 | U69: TRUE | V69: 0 | W69: 0 | X69: 0 | Y69: FALSE | Z69: FALSE | AA69: 0 | AB69: 0 | AC69: FALSE | AD69: lianaasmarani1803@gmail.com | AE69: U-CAWI | AF69: FALSE | AG69: 2026-05-06T05:51:07.852+00:00 | AH69: [] | AI69: [] | AJ69: {"id": "bfce7f62-5d5a-4ddb-aa9a-1cc4f918ddf0", "groupId": "106eaacb-2e9d-4f2d-b436-9c1abdacd45e", "versionCode": 1.0, "dateCreated": "2025-04-26T17:20:35.094+00:00", "isActive": true, "level1": {"id": "89dde136-a5c9-4325-ab78-2d382087f68e", "fullCode": "36", "code": "36", "name": "BANTEN", "level2": {"id": "bfce7f62-5d5a-4ddb-aa9a-1cc4f918ddf0", "fullCode": "3671", "code": "71", "name": "TANGERANG"}}} | AK69: {"id": "106eaacb-2e9d-4f2d-b436-9c1abdacd45e", "levelCount": 2, "smallestRegionLevel": "Kabupaten", "groupName": "MFD Feb25 KABUPATEN", "level": [{"id": 1, "name": "Provinsi"}, {"id": 2, "name": "Kabupaten"}]} | AL69: 1 | AM69: TRUE | AN69: [] | AO69: FALSE | AP69: FALSE | AQ69: PROVINSI
A70: bc2842f1-d33a-438b-b77a-757fc6397e40 | B70: 28539715-1be1-450e-8d63-2e8ef0dd0596 | C70: ["CAWI"] | D70: 4 | E70: FALSE | F70: 3671 | G70: 0 | H70: DRAFT | I70: FALSE | J70: Cemilan Mam'S Nada | K70: Kota tangerang | O70: 1702250123922 | T70: 2026-05-05T13:19:25.963+00:00 | U70: TRUE | V70: 0 | W70: 0 | X70: 0 | Y70: FALSE | Z70: FALSE | AA70: 0 | AB70: 0 | AC70: FALSE | AD70: munawarohana12@gmail.com | AE70: U-CAWI | AF70: FALSE | AG70: 2026-05-06T05:50:54.070+00:00 | AH70: [] | AI70: [] | AJ70: {"id": "bfce7f62-5d5a-4ddb-aa9a-1cc4f918ddf0", "groupId": "106eaacb-2e9d-4f2d-b436-9c1abdacd45e", "versionCode": 1.0, "dateCreated": "2025-04-26T17:20:35.094+00:00", "isActive": true, "level1": {"id": "89dde136-a5c9-4325-ab78-2d382087f68e", "fullCode": "36", "code": "36", "name": "BANTEN", "level2": {"id": "bfce7f62-5d5a-4ddb-aa9a-1cc4f918ddf0", "fullCode": "3671", "code": "71", "name": "TANGERANG"}}} | AK70: {"id": "106eaacb-2e9d-4f2d-b436-9c1abdacd45e", "levelCount": 2, "smallestRegionLevel": "Kabupaten", "groupName": "MFD Feb25 KABUPATEN", "level": [{"id": 1, "name": "Provinsi"}, {"id": 2, "name": "Kabupaten"}]} | AL70: 1 | AM70: TRUE | AN70: [] | AO70: FALSE | AP70: FALSE | AQ70: PROVINSI
A71: a73d1fb6-8c00-4c62-b61d-874264b85e21 | B71: 28539715-1be1-450e-8d63-2e8ef0dd0596 | C71: ["CAWI"] | D71: 4 | E71: FALSE | F71: 3671 | G71: 0 | H71: DRAFT | I71: FALSE | J71: P3 WIJAYA ABADI | K71: Villa Mutiara Pluit Jl Berlian II Blok i2 no 9 Periuk Tangerang Banten | M71: purdiati80@gmail.com | O71: 2910210025357 | T71: 2026-05-05T13:19:40.893+00:00 | U71: TRUE | V71: 0 | W71: 0 | X71: 0 | Y71: FALSE | Z71: FALSE | AA71: 0 | AB71: 0 | AC71: FALSE | AD71: purdiati80@gmail.com | AE71: U-CAWI | AF71: FALSE | AG71: 2026-05-06T05:50:09.963+00:00 | AH71: [] | AI71: [] | AJ71: {"id": "bfce7f62-5d5a-4ddb-aa9a-1cc4f918ddf0", "groupId": "106eaacb-2e9d-4f2d-b436-9c1abdacd45e", "versionCode": 1.0, "dateCreated": "2025-04-26T17:20:35.094+00:00", "isActive": true, "level1": {"id": "89dde136-a5c9-4325-ab78-2d382087f68e", "fullCode": "36", "code": "36", "name": "BANTEN", "level2": {"id": "bfce7f62-5d5a-4ddb-aa9a-1cc4f918ddf0", "fullCode": "3671", "code": "71", "name": "TANGERANG"}}} | AK71: {"id": "106eaacb-2e9d-4f2d-b436-9c1abdacd45e", "levelCount": 2, "smallestRegionLevel": "Kabupaten", "groupName": "MFD Feb25 KABUPATEN", "level": [{"id": 1, "name": "Provinsi"}, {"id": 2, "name": "Kabupaten"}]} | AL71: 1 | AM71: TRUE | AN71: [] | AO71: FALSE | AP71: FALSE | AQ71: PROVINSI
A72: 2cd5f94e-5832-4b55-8d9f-85246b2f2c19 | B72: 28539715-1be1-450e-8d63-2e8ef0dd0596 | C72: ["CAWI"] | D72: 4 | E72: FALSE | F72: 3671 | G72: 5 | H72: SUBMITTED RESPONDENT | I72: FALSE | J72: Sae Siji Abadi | K72: JL. CIREMAI V / 20 | M72: ardinatulus15@gmail.com | N72: 43293792 | O72: 0610210044858 | T72: 2026-05-05T13:19:19.216+00:00 | U72: TRUE | V72: 0 | W72: 0 | X72: 0 | Y72: FALSE | Z72: FALSE | AA72: 0 | AB72: 0 | AC72: TRUE | AD72: ardinatulus15@gmail.com | AE72: U-CAWI | AF72: FALSE | AG72: 2026-05-06T05:50:04.748+00:00 | AH72: [] | AI72: [] | AJ72: {"id": "bfce7f62-5d5a-4ddb-aa9a-1cc4f918ddf0", "groupId": "106eaacb-2e9d-4f2d-b436-9c1abdacd45e", "versionCode": 1.0, "dateCreated": "2025-04-26T17:20:35.094+00:00", "isActive": true, "level1": {"id": "89dde136-a5c9-4325-ab78-2d382087f68e", "fullCode": "36", "code": "36", "name": "BANTEN", "level2": {"id": "bfce7f62-5d5a-4ddb-aa9a-1cc4f918ddf0", "fullCode": "3671", "code": "71", "name": "TANGERANG"}}} | AK72: {"id": "106eaacb-2e9d-4f2d-b436-9c1abdacd45e", "levelCount": 2, "smallestRegionLevel": "Kabupaten", "groupName": "MFD Feb25 KABUPATEN", "level": [{"id": 1, "name": "Provinsi"}, {"id": 2, "name": "Kabupaten"}]} | AL72: 1 | AM72: TRUE | AN72: [] | AO72: FALSE | AP72: FALSE | AQ72: PROVINSI
A73: 1282ed4e-8f62-4bc3-a00c-da00ef955b95 | B73: 28539715-1be1-450e-8d63-2e8ef0dd0596 | C73: ["CAWI"] | D73: 4 | E73: FALSE | F73: 3671 | G73: 0 | H73: DRAFT | I73: FALSE | J73: Fanisdia Kebab & Burger | K73: Kota Tangerang | O73: 0506220012713 | T73: 2026-05-05T13:19:22.148+00:00 | U73: TRUE | V73: 0 | W73: 0 | X73: 0 | Y73: FALSE | Z73: FALSE | AA73: 0 | AB73: 0 | AC73: FALSE | AD73: endang.nindia@gmail.com | AE73: U-CAWI | AF73: FALSE | AG73: 2026-05-06T05:49:49.175+00:00 | AH73: [] | AI73: [] | AJ73: {"id": "bfce7f62-5d5a-4ddb-aa9a-1cc4f918ddf0", "groupId": "106eaacb-2e9d-4f2d-b436-9c1abdacd45e", "versionCode": 1.0, "dateCreated": "2025-04-26T17:20:35.094+00:00", "isActive": true, "level1": {"id": "89dde136-a5c9-4325-ab78-2d382087f68e", "fullCode": "36", "code": "36", "name": "BANTEN", "level2": {"id": "bfce7f62-5d5a-4ddb-aa9a-1cc4f918ddf0", "fullCode": "3671", "code": "71", "name": "TANGERANG"}}} | AK73: {"id": "106eaacb-2e9d-4f2d-b436-9c1abdacd45e", "levelCount": 2, "smallestRegionLevel": "Kabupaten", "groupName": "MFD Feb25 KABUPATEN", "level": [{"id": 1, "name": "Provinsi"}, {"id": 2, "name": "Kabupaten"}]} | AL73: 1 | AM73: TRUE | AN73: [] | AO73: FALSE | AP73: FALSE | AQ73: PROVINSI
A74: 8efe3af8-492d-49b7-953f-4e1780994e79 | B74: 28539715-1be1-450e-8d63-2e8ef0dd0596 | C74: ["CAWI"] | D74: 4 | E74: FALSE | F74: 3671 | G74: 5 | H74: SUBMITTED RESPONDENT | I74: FALSE | J74: Dapoer Renel | K74: Gg. Almabrur no.85, RT 3/RW 8 | M74: dapoerrenel@gmail.com | N74: 56992840 | O74: 2009210019271 | T74: 2026-05-05T13:19:28.582+00:00 | U74: TRUE | V74: 0 | W74: 0 | X74: 0 | Y74: FALSE | Z74: FALSE | AA74: 0 | AB74: 0 | AC74: TRUE | AD74: dapoerrenel@gmail.com | AE74: U-CAWI | AF74: FALSE | AG74: 2026-05-06T05:49:39.975+00:00 | AH74: [] | AI74: [] | AJ74: {"id": "bfce7f62-5d5a-4ddb-aa9a-1cc4f918ddf0", "groupId": "106eaacb-2e9d-4f2d-b436-9c1abdacd45e", "versionCode": 1.0, "dateCreated": "2025-04-26T17:20:35.094+00:00", "isActive": true, "level1": {"id": "89dde136-a5c9-4325-ab78-2d382087f68e", "fullCode": "36", "code": "36", "name": "BANTEN", "level2": {"id": "bfce7f62-5d5a-4ddb-aa9a-1cc4f918ddf0", "fullCode": "3671", "code": "71", "name": "TANGERANG"}}} | AK74: {"id": "106eaacb-2e9d-4f2d-b436-9c1abdacd45e", "levelCount": 2, "smallestRegionLevel": "Kabupaten", "groupName": "MFD Feb25 KABUPATEN", "level": [{"id": 1, "name": "Provinsi"}, {"id": 2, "name": "Kabupaten"}]} | AL74: 1 | AM74: TRUE | AN74: [] | AO74: FALSE | AP74: FALSE | AQ74: PROVINSI
A75: d3001135-026d-43c4-8582-439245315a00 | B75: 28539715-1be1-450e-8d63-2e8ef0dd0596 | C75: ["CAWI"] | D75: 4 | E75: FALSE | F75: 3671 | G75: 0 | H75: DRAFT | I75: FALSE | J75: Azzura Store | K75: Kota Tangerang | T75: 2026-05-05T13:19:23.366+00:00 | U75: TRUE | V75: 0 | W75: 0 | X75: 0 | Y75: FALSE | Z75: FALSE | AA75: 0 | AB75: 0 | AC75: FALSE | AD75: Indrialvina14@gmail.com | AE75: U-CAWI | AF75: FALSE | AG75: 2026-05-06T05:49:33.779+00:00 | AH75: [] | AI75: [] | AJ75: {"id": "bfce7f62-5d5a-4ddb-aa9a-1cc4f918ddf0", "groupId": "106eaacb-2e9d-4f2d-b436-9c1abdacd45e", "versionCode": 1.0, "dateCreated": "2025-04-26T17:20:35.094+00:00", "isActive": true, "level1": {"id": "89dde136-a5c9-4325-ab78-2d382087f68e", "fullCode": "36", "code": "36", "name": "BANTEN", "level2": {"id": "bfce7f62-5d5a-4ddb-aa9a-1cc4f918ddf0", "fullCode": "3671", "code": "71", "name": "TANGERANG"}}} | AK75: {"id": "106eaacb-2e9d-4f2d-b436-9c1abdacd45e", "levelCount": 2, "smallestRegionLevel": "Kabupaten", "groupName": "MFD Feb25 KABUPATEN", "level": [{"id": 1, "name": "Provinsi"}, {"id": 2, "name": "Kabupaten"}]} | AL75: 1 | AM75: TRUE | AN75: [] | AO75: FALSE | AP75: FALSE | AQ75: PROVINSI
A76: f20a37c3-b94c-48a7-a3ee-34b77970de8b | B76: 28539715-1be1-450e-8d63-2e8ef0dd0596 | C76: ["CAWI"] | D76: 4 | E76: FALSE | F76: 3671 | G76: 0 | H76: DRAFT | I76: FALSE | J76: NAZ (Beads & Accessories) | K76: Jl Muray Batu 4 Blok E6 no 16 RT 08/07 | M76: syuamah2015@gmail.com | O76: 2804260070625 | T76: 2026-05-05T13:19:37.976+00:00 | U76: TRUE | V76: 0 | W76: 0 | X76: 0 | Y76: FALSE | Z76: FALSE | AA76: 0 | AB76: 0 | AC76: FALSE | AD76: syuamah2015@gmail.com | AE76: U-CAWI | AF76: FALSE | AG76: 2026-05-06T05:49:26.131+00:00 | AH76: [] | AI76: [] | AJ76: {"id": "bfce7f62-5d5a-4ddb-aa9a-1cc4f918ddf0", "groupId": "106eaacb-2e9d-4f2d-b436-9c1abdacd45e", "versionCode": 1.0, "dateCreated": "2025-04-26T17:20:35.094+00:00", "isActive": true, "level1": {"id": "89dde136-a5c9-4325-ab78-2d382087f68e", "fullCode": "36", "code": "36", "name": "BANTEN", "level2": {"id": "bfce7f62-5d5a-4ddb-aa9a-1cc4f918ddf0", "fullCode": "3671", "code": "71", "name": "TANGERANG"}}} | AK76: {"id": "106eaacb-2e9d-4f2d-b436-9c1abdacd45e", "levelCount": 2, "smallestRegionLevel": "Kabupaten", "groupName": "MFD Feb25 KABUPATEN", "level": [{"id": 1, "name": "Provinsi"}, {"id": 2, "name": "Kabupaten"}]} | AL76: 1 | AM76: TRUE | AN76: [] | AO76: FALSE | AP76: FALSE | AQ76: PROVINSI
A77: 5ec5f27d-06c8-4368-978e-f2b481b13cbf | B77: 28539715-1be1-450e-8d63-2e8ef0dd0596 | C77: ["CAWI"] | D77: 4 | E77: FALSE | F77: 3671 | G77: 5 | H77: SUBMITTED RESPONDENT | I77: FALSE | J77: Dapur Buyang | K77: Kota Tangerang | T77: 2026-05-05T13:19:20.158+00:00 | U77: TRUE | V77: 0 | W77: 0 | X77: 0 | Y77: FALSE | Z77: FALSE | AA77: 0 | AB77: 0 | AC77: TRUE | AD77: dhianpuspitarini69@gmail.com | AE77: U-CAWI | AF77: FALSE | AG77: 2026-05-06T05:49:04.630+00:00 | AH77: [] | AI77: [] | AJ77: {"id": "bfce7f62-5d5a-4ddb-aa9a-1cc4f918ddf0", "groupId": "106eaacb-2e9d-4f2d-b436-9c1abdacd45e", "versionCode": 1.0, "dateCreated": "2025-04-26T17:20:35.094+00:00", "isActive": true, "level1": {"id": "89dde136-a5c9-4325-ab78-2d382087f68e", "fullCode": "36", "code": "36", "name": "BANTEN", "level2": {"id": "bfce7f62-5d5a-4ddb-aa9a-1cc4f918ddf0", "fullCode": "3671", "code": "71", "name": "TANGERANG"}}} | AK77: {"id": "106eaacb-2e9d-4f2d-b436-9c1abdacd45e", "levelCount": 2, "smallestRegionLevel": "Kabupaten", "groupName": "MFD Feb25 KABUPATEN", "level": [{"id": 1, "name": "Provinsi"}, {"id": 2, "name": "Kabupaten"}]} | AL77: 1 | AM77: TRUE | AN77: [] | AO77: FALSE | AP77: FALSE | AQ77: PROVINSI
A78: 7e2d3c4e-44e4-4aac-b678-c1297669af5b | B78: 28539715-1be1-450e-8d63-2e8ef0dd0596 | C78: ["CAWI"] | D78: 4 | E78: FALSE | F78: 3671 | G78: 5 | H78: SUBMITTED RESPONDENT | I78: FALSE | J78: Mommy Apri | K78: Kota Tangerang | T78: 2026-05-05T13:19:19.057+00:00 | U78: TRUE | V78: 0 | W78: 0 | X78: 0 | Y78: FALSE | Z78: FALSE | AA78: 0 | AB78: 0 | AC78: TRUE | AD78: friska1694@gmail.com | AE78: U-CAWI | AF78: FALSE | AG78: 2026-05-06T05:48:27.148+00:00 | AH78: [] | AI78: [] | AJ78: {"id": "bfce7f62-5d5a-4ddb-aa9a-1cc4f918ddf0", "groupId": "106eaacb-2e9d-4f2d-b436-9c1abdacd45e", "versionCode": 1.0, "dateCreated": "2025-04-26T17:20:35.094+00:00", "isActive": true, "level1": {"id": "89dde136-a5c9-4325-ab78-2d382087f68e", "fullCode": "36", "code": "36", "name": "BANTEN", "level2": {"id": "bfce7f62-5d5a-4ddb-aa9a-1cc4f918ddf0", "fullCode": "3671", "code": "71", "name": "TANGERANG"}}} | AK78: {"id": "106eaacb-2e9d-4f2d-b436-9c1abdacd45e", "levelCount": 2, "smallestRegionLevel": "Kabupaten", "groupName": "MFD Feb25 KABUPATEN", "level": [{"id": 1, "name": "Provinsi"}, {"id": 2, "name": "Kabupaten"}]} | AL78: 1 | AM78: TRUE | AN78: [] | AO78: FALSE | AP78: FALSE | AQ78: PROVINSI
A79: dedf1794-60fa-4137-b445-48999af59b6b | B79: 28539715-1be1-450e-8d63-2e8ef0dd0596 | C79: ["CAWI"] | D79: 4 | E79: FALSE | F79: 3671 | G79: 0 | H79: DRAFT | I79: FALSE | J79: Dafina Chocolate | K79: KERONCONG PERMAI EP 24 NO 4, RT 8/RW 2 | N79: 57023986 | O79: 0220004880541 | T79: 2026-05-05T13:19:25.358+00:00 | U79: TRUE | V79: 0 | W79: 0 | X79: 0 | Y79: FALSE | Z79: FALSE | AA79: 0 | AB79: 0 | AC79: FALSE | AD79: maryanizuniawan@gmail.com | AE79: U-CAWI | AF79: FALSE | AG79: 2026-05-06T05:48:19.127+00:00 | AH79: [] | AI79: [] | AJ79: {"id": "bfce7f62-5d5a-4ddb-aa9a-1cc4f918ddf0", "groupId": "106eaacb-2e9d-4f2d-b436-9c1abdacd45e", "versionCode": 1.0, "dateCreated": "2025-04-26T17:20:35.094+00:00", "isActive": true, "level1": {"id": "89dde136-a5c9-4325-ab78-2d382087f68e", "fullCode": "36", "code": "36", "name": "BANTEN", "level2": {"id": "bfce7f62-5d5a-4ddb-aa9a-1cc4f918ddf0", "fullCode": "3671", "code": "71", "name": "TANGERANG"}}} | AK79: {"id": "106eaacb-2e9d-4f2d-b436-9c1abdacd45e", "levelCount": 2, "smallestRegionLevel": "Kabupaten", "groupName": "MFD Feb25 KABUPATEN", "level": [{"id": 1, "name": "Provinsi"}, {"id": 2, "name": "Kabupaten"}]} | AL79: 1 | AM79: TRUE | AN79: [] | AO79: FALSE | AP79: FALSE | AQ79: PROVINSI
A80: e623d4fe-9431-466b-be90-1c62fce65d20 | B80: 28539715-1be1-450e-8d63-2e8ef0dd0596 | C80: ["CAWI"] | D80: 4 | E80: FALSE | F80: 3671 | G80: 0 | H80: DRAFT | I80: FALSE | J80: dpurcok007 | K80: Buana megah III, B4-43 | M80: titutdp46@gmail.com | O80: 0702250118622 | T80: 2026-05-05T13:19:41.809+00:00 | U80: TRUE | V80: 0 | W80: 0 | X80: 0 | Y80: FALSE | Z80: FALSE | AA80: 0 | AB80: 0 | AC80: FALSE | AD80: titutdp46@gmail.com | AE80: U-CAWI | AF80: FALSE | AG80: 2026-05-06T05:47:49.682+00:00 | AH80: [] | AI80: [] | AJ80: {"id": "bfce7f62-5d5a-4ddb-aa9a-1cc4f918ddf0", "groupId": "106eaacb-2e9d-4f2d-b436-9c1abdacd45e", "versionCode": 1.0, "dateCreated": "2025-04-26T17:20:35.094+00:00", "isActive": true, "level1": {"id": "89dde136-a5c9-4325-ab78-2d382087f68e", "fullCode": "36", "code": "36", "name": "BANTEN", "level2": {"id": "bfce7f62-5d5a-4ddb-aa9a-1cc4f918ddf0", "fullCode": "3671", "code": "71", "name": "TANGERANG"}}} | AK80: {"id": "106eaacb-2e9d-4f2d-b436-9c1abdacd45e", "levelCount": 2, "smallestRegionLevel": "Kabupaten", "groupName": "MFD Feb25 KABUPATEN", "level": [{"id": 1, "name": "Provinsi"}, {"id": 2, "name": "Kabupaten"}]} | AL80: 1 | AM80: TRUE | AN80: [] | AO80: FALSE | AP80: FALSE | AQ80: PROVINSI
A81: f73fd22e-c975-4ef7-baa2-3d5de89ff7bf | B81: 28539715-1be1-450e-8d63-2e8ef0dd0596 | C81: ["CAWI"] | D81: 4 | E81: FALSE | F81: 3671 | G81: 5 | H81: SUBMITTED RESPONDENT | I81: FALSE | J81: Tbk Harum Sundul Langit | K81: JL. BETA I NO 108 | M81: cvtbkharumsundullangit@gmail.com | N81: 44058753 | O81: 0402250128969 | T81: 2026-05-05T13:19:31.980+00:00 | U81: TRUE | V81: 0 | W81: 0 | X81: 0 | Y81: FALSE | Z81: FALSE | AA81: 0 | AB81: 0 | AC81: TRUE | AD81: Tamanbelajarkeluarga@gmail.com | AE81: U-CAWI | AF81: FALSE | AG81: 2026-05-06T05:47:49.159+00:00 | AH81: [] | AI81: [] | AJ81: {"id": "bfce7f62-5d5a-4ddb-aa9a-1cc4f918ddf0", "groupId": "106eaacb-2e9d-4f2d-b436-9c1abdacd45e", "versionCode": 1.0, "dateCreated": "2025-04-26T17:20:35.094+00:00", "isActive": true, "level1": {"id": "89dde136-a5c9-4325-ab78-2d382087f68e", "fullCode": "36", "code": "36", "name": "BANTEN", "level2": {"id": "bfce7f62-5d5a-4ddb-aa9a-1cc4f918ddf0", "fullCode": "3671", "code": "71", "name": "TANGERANG"}}} | AK81: {"id": "106eaacb-2e9d-4f2d-b436-9c1abdacd45e", "levelCount": 2, "smallestRegionLevel": "Kabupaten", "groupName": "MFD Feb25 KABUPATEN", "level": [{"id": 1, "name": "Provinsi"}, {"id": 2, "name": "Kabupaten"}]} | AL81: 1 | AM81: TRUE | AN81: [] | AO81: FALSE | AP81: FALSE | AQ81: PROVINSI
A82: f703b616-a4b3-4418-90ef-f36f4eadc1ab | B82: 28539715-1be1-450e-8d63-2e8ef0dd0596 | C82: ["CAWI"] | D82: 4 | E82: FALSE | F82: 3671 | G82: 0 | H82: DRAFT | I82: FALSE | J82: D'Naura Cookies And Bakery | K82: Kota Tangerang | O82: 10102100003416 | T82: 2026-05-05T13:19:24.582+00:00 | U82: TRUE | V82: 0 | W82: 0 | X82: 0 | Y82: FALSE | Z82: FALSE | AA82: 0 | AB82: 0 | AC82: FALSE | AD82: lely.febrianti@gmail.com | AE82: U-CAWI | AF82: FALSE | AG82: 2026-05-06T05:47:36.060+00:00 | AH82: [] | AI82: [] | AJ82: {"id": "bfce7f62-5d5a-4ddb-aa9a-1cc4f918ddf0", "groupId": "106eaacb-2e9d-4f2d-b436-9c1abdacd45e", "versionCode": 1.0, "dateCreated": "2025-04-26T17:20:35.094+00:00", "isActive": true, "level1": {"id": "89dde136-a5c9-4325-ab78-2d382087f68e", "fullCode": "36", "code": "36", "name": "BANTEN", "level2": {"id": "bfce7f62-5d5a-4ddb-aa9a-1cc4f918ddf0", "fullCode": "3671", "code": "71", "name": "TANGERANG"}}} | AK82: {"id": "106eaacb-2e9d-4f2d-b436-9c1abdacd45e", "levelCount": 2, "smallestRegionLevel": "Kabupaten", "groupName": "MFD Feb25 KABUPATEN", "level": [{"id": 1, "name": "Provinsi"}, {"id": 2, "name": "Kabupaten"}]} | AL82: 1 | AM82: TRUE | AN82: [] | AO82: FALSE | AP82: FALSE | AQ82: PROVINSI
A83: 97e98201-995a-4707-83c5-5bc8ee339f36 | B83: 28539715-1be1-450e-8d63-2e8ef0dd0596 | C83: ["CAWI"] | D83: 4 | E83: FALSE | F83: 3671 | G83: 5 | H83: SUBMITTED RESPONDENT | I83: FALSE | J83: Dapur Alika | K83: Jl Hos Cokroaminoto no 26 GG kontrak, RT 3/RW 4 | M83: dapuralika55@gmail.com | N83: 52192310 | O83: 1609210021774 | T83: 2026-05-05T13:19:20.774+00:00 | U83: TRUE | V83: 0 | W83: 0 | X83: 0 | Y83: FALSE | Z83: FALSE | AA83: 0 | AB83: 0 | AC83: TRUE | AD83: dapuralika55@gmail.com | AE83: U-CAWI | AF83: FALSE | AG83: 2026-05-06T05:47:27.628+00:00 | AH83: [] | AI83: [] | AJ83: {"id": "bfce7f62-5d5a-4ddb-aa9a-1cc4f918ddf0", "groupId": "106eaacb-2e9d-4f2d-b436-9c1abdacd45e", "versionCode": 1.0, "dateCreated": "2025-04-26T17:20:35.094+00:00", "isActive": true, "level1": {"id": "89dde136-a5c9-4325-ab78-2d382087f68e", "fullCode": "36", "code": "36", "name": "BANTEN", "level2": {"id": "bfce7f62-5d5a-4ddb-aa9a-1cc4f918ddf0", "fullCode": "3671", "code": "71", "name": "TANGERANG"}}} | AK83: {"id": "106eaacb-2e9d-4f2d-b436-9c1abdacd45e", "levelCount": 2, "smallestRegionLevel": "Kabupaten", "groupName": "MFD Feb25 KABUPATEN", "level": [{"id": 1, "name": "Provinsi"}, {"id": 2, "name": "Kabupaten"}]} | AL83: 1 | AM83: TRUE | AN83: [] | AO83: FALSE | AP83: FALSE | AQ83: PROVINSI
A84: 1a9ea1af-3ae3-4156-8d4f-7c48bbc369f2 | B84: 28539715-1be1-450e-8d63-2e8ef0dd0596 | C84: ["CAWI"] | D84: 4 | E84: FALSE | F84: 3671 | G84: 5 | H84: SUBMITTED RESPONDENT | I84: FALSE | J84: Olahan Mabil | K84: Jl Tanah putih 1 rt 004/02 no. 22 ketapang cipondoh | M84: rani.mabil@gmail.com | O84: 1277000323507 | T84: 2026-05-05T13:19:28.277+00:00 | U84: TRUE | V84: 0 | W84: 0 | X84: 0 | Y84: FALSE | Z84: FALSE | AA84: 0 | AB84: 0 | AC84: TRUE | AD84: rani.mabil@gmail.com | AE84: U-CAWI | AF84: FALSE | AG84: 2026-05-06T05:47:26.200+00:00 | AH84: [] | AI84: [] | AJ84: {"id": "bfce7f62-5d5a-4ddb-aa9a-1cc4f918ddf0", "groupId": "106eaacb-2e9d-4f2d-b436-9c1abdacd45e", "versionCode": 1.0, "dateCreated": "2025-04-26T17:20:35.094+00:00", "isActive": true, "level1": {"id": "89dde136-a5c9-4325-ab78-2d382087f68e", "fullCode": "36", "code": "36", "name": "BANTEN", "level2": {"id": "bfce7f62-5d5a-4ddb-aa9a-1cc4f918ddf0", "fullCode": "3671", "code": "71", "name": "TANGERANG"}}} | AK84: {"id": "106eaacb-2e9d-4f2d-b436-9c1abdacd45e", "levelCount": 2, "smallestRegionLevel": "Kabupaten", "groupName": "MFD Feb25 KABUPATEN", "level": [{"id": 1, "name": "Provinsi"}, {"id": 2, "name": "Kabupaten"}]} | AL84: 1 | AM84: TRUE | AN84: [] | AO84: FALSE | AP84: FALSE | AQ84: PROVINSI
A85: 713b4f62-76fb-4e20-931d-46c4c50048a7 | B85: 28539715-1be1-450e-8d63-2e8ef0dd0596 | C85: ["CAWI"] | D85: 4 | E85: FALSE | F85: 3671 | G85: 0 | H85: DRAFT | I85: FALSE | J85: Bundari Cake And Food | K85: total persada blok e2 no 12 jln bekasi, RT 6/RW 7 | M85: estiwulandariintan@gmail.com | N85: 52162801 | O85: 0706220040004 | T85: 2026-05-05T13:19:21.235+00:00 | U85: TRUE | V85: 0 | W85: 0 | X85: 0 | Y85: FALSE | Z85: FALSE | AA85: 0 | AB85: 0 | AC85: FALSE | AD85: estiw3373@gmail.com | AE85: U-CAWI | AF85: FALSE | AG85: 2026-05-06T05:46:41.431+00:00 | AH85: [] | AI85: [] | AJ85: {"id": "bfce7f62-5d5a-4ddb-aa9a-1cc4f918ddf0", "groupId": "106eaacb-2e9d-4f2d-b436-9c1abdacd45e", "versionCode": 1.0, "dateCreated": "2025-04-26T17:20:35.094+00:00", "isActive": true, "level1": {"id": "89dde136-a5c9-4325-ab78-2d382087f68e", "fullCode": "36", "code": "36", "name": "BANTEN", "level2": {"id": "bfce7f62-5d5a-4ddb-aa9a-1cc4f918ddf0", "fullCode": "3671", "code": "71", "name": "TANGERANG"}}} | AK85: {"id": "106eaacb-2e9d-4f2d-b436-9c1abdacd45e", "levelCount": 2, "smallestRegionLevel": "Kabupaten", "groupName": "MFD Feb25 KABUPATEN", "level": [{"id": 1, "name": "Provinsi"}, {"id": 2, "name": "Kabupaten"}]} | AL85: 1 | AM85: TRUE | AN85: [] | AO85: FALSE | AP85: FALSE | AQ85: PROVINSI
A86: f2a4360d-710f-4851-b070-4fec11f24e39 | B86: 28539715-1be1-450e-8d63-2e8ef0dd0596 | C86: ["CAWI"] | D86: 4 | E86: FALSE | F86: 3671 | G86: 5 | H86: SUBMITTED RESPONDENT | I86: FALSE | J86: Koma Jaya cv | K86: Jl. Bunga Raflesia rt.002 rw.022, Garden City Residence blok i2 no.34 | M86: komajaya.tangerang@gmail.com | O86: 9120405210449 | T86: 2026-05-05T13:19:41.345+00:00 | U86: TRUE | V86: 0 | W86: 0 | X86: 0 | Y86: FALSE | Z86: FALSE | AA86: 0 | AB86: 0 | AC86: TRUE | AD86: komajaya.tangerang@gmail.com | AE86: U-CAWI | AF86: FALSE | AG86: 2026-05-06T05:46:16.786+00:00 | AH86: [] | AI86: [] | AJ86: {"id": "bfce7f62-5d5a-4ddb-aa9a-1cc4f918ddf0", "groupId": "106eaacb-2e9d-4f2d-b436-9c1abdacd45e", "versionCode": 1.0, "dateCreated": "2025-04-26T17:20:35.094+00:00", "isActive": true, "level1": {"id": "89dde136-a5c9-4325-ab78-2d382087f68e", "fullCode": "36", "code": "36", "name": "BANTEN", "level2": {"id": "bfce7f62-5d5a-4ddb-aa9a-1cc4f918ddf0", "fullCode": "3671", "code": "71", "name": "TANGERANG"}}} | AK86: {"id": "106eaacb-2e9d-4f2d-b436-9c1abdacd45e", "levelCount": 2, "smallestRegionLevel": "Kabupaten", "groupName": "MFD Feb25 KABUPATEN", "level": [{"id": 1, "name": "Provinsi"}, {"id": 2, "name": "Kabupaten"}]} | AL86: 1 | AM86: TRUE | AN86: [] | AO86: FALSE | AP86: FALSE | AQ86: PROVINSI
A87: d9edae39-4b7f-45f7-9fd0-03df68b27d05 | B87: 28539715-1be1-450e-8d63-2e8ef0dd0596 | C87: ["CAWI"] | D87: 4 | E87: FALSE | F87: 3671 | G87: 5 | H87: SUBMITTED RESPONDENT | I87: FALSE | J87: Wanah Cake | K87: Kota Tangerang | O87: 2053671060429 | T87: 2026-05-05T13:19:31.026+00:00 | U87: TRUE | V87: 0 | W87: 0 | X87: 0 | Y87: FALSE | Z87: FALSE | AA87: 0 | AB87: 0 | AC87: TRUE | AD87: wanahcakewanah@gmail.com | AE87: U-CAWI | AF87: FALSE | AG87: 2026-05-06T05:46:14.729+00:00 | AH87: [] | AI87: [] | AJ87: {"id": "bfce7f62-5d5a-4ddb-aa9a-1cc4f918ddf0", "groupId": "106eaacb-2e9d-4f2d-b436-9c1abdacd45e", "versionCode": 1.0, "dateCreated": "2025-04-26T17:20:35.094+00:00", "isActive": true, "level1": {"id": "89dde136-a5c9-4325-ab78-2d382087f68e", "fullCode": "36", "code": "36", "name": "BANTEN", "level2": {"id": "bfce7f62-5d5a-4ddb-aa9a-1cc4f918ddf0", "fullCode": "3671", "code": "71", "name": "TANGERANG"}}} | AK87: {"id": "106eaacb-2e9d-4f2d-b436-9c1abdacd45e", "levelCount": 2, "smallestRegionLevel": "Kabupaten", "groupName": "MFD Feb25 KABUPATEN", "level": [{"id": 1, "name": "Provinsi"}, {"id": 2, "name": "Kabupaten"}]} | AL87: 1 | AM87: TRUE | AN87: [] | AO87: FALSE | AP87: FALSE | AQ87: PROVINSI
A88: 4a5fca88-a705-4227-ad45-b86dbf29bff6 | B88: 28539715-1be1-450e-8d63-2e8ef0dd0596 | C88: ["CAWI"] | D88: 4 | E88: FALSE | F88: 3671 | G88: 0 | H88: DRAFT | I88: FALSE | J88: Nabila Art100 | K88: Jl.Iskandar muda gg.beringin 1 | M88: ucamqinoy@gmail.com | O88: 1603220031498 | T88: 2026-05-05T13:19:40.589+00:00 | U88: TRUE | V88: 0 | W88: 0 | X88: 0 | Y88: FALSE | Z88: FALSE | AA88: 0 | AB88: 0 | AC88: FALSE | AD88: ucamqinoy@gmail.com | AE88: U-CAWI | AF88: FALSE | AG88: 2026-05-06T05:45:57.115+00:00 | AH88: [] | AI88: [] | AJ88: {"id": "bfce7f62-5d5a-4ddb-aa9a-1cc4f918ddf0", "groupId": "106eaacb-2e9d-4f2d-b436-9c1abdacd45e", "versionCode": 1.0, "dateCreated": "2025-04-26T17:20:35.094+00:00", "isActive": true, "level1": {"id": "89dde136-a5c9-4325-ab78-2d382087f68e", "fullCode": "36", "code": "36", "name": "BANTEN", "level2": {"id": "bfce7f62-5d5a-4ddb-aa9a-1cc4f918ddf0", "fullCode": "3671", "code": "71", "name": "TANGERANG"}}} | AK88: {"id": "106eaacb-2e9d-4f2d-b436-9c1abdacd45e", "levelCount": 2, "smallestRegionLevel": "Kabupaten", "groupName": "MFD Feb25 KABUPATEN", "level": [{"id": 1, "name": "Provinsi"}, {"id": 2, "name": "Kabupaten"}]} | AL88: 1 | AM88: TRUE | AN88: [] | AO88: FALSE | AP88: FALSE | AQ88: PROVINSI
A89: 38c2c162-2e11-423d-a131-db8845f7d426 | B89: 28539715-1be1-450e-8d63-2e8ef0dd0596 | C89: ["CAWI"] | D89: 4 | E89: FALSE | F89: 3671 | G89: 5 | H89: SUBMITTED RESPONDENT | I89: FALSE | J89: PT. Sumber Rezeki Utama Fajar | K89: Jl. Prof. Dr. Hamka, Cluster Puri Permata 1 Blok G No. 2 RT/RW 004/015 | M89: ptsumberrezekiutamafajar@gmail.com | O89: 1110230126168 | T89: 2026-05-05T13:19:40.438+00:00 | U89: TRUE | V89: 0 | W89: 0 | X89: 0 | Y89: FALSE | Z89: FALSE | AA89: 0 | AB89: 0 | AC89: TRUE | AD89: ptsumberrezekiutamafajar@gmail.com | AE89: U-CAWI | AF89: FALSE | AG89: 2026-05-06T05:45:54.647+00:00 | AH89: [] | AI89: [] | AJ89: {"id": "bfce7f62-5d5a-4ddb-aa9a-1cc4f918ddf0", "groupId": "106eaacb-2e9d-4f2d-b436-9c1abdacd45e", "versionCode": 1.0, "dateCreated": "2025-04-26T17:20:35.094+00:00", "isActive": true, "level1": {"id": "89dde136-a5c9-4325-ab78-2d382087f68e", "fullCode": "36", "code": "36", "name": "BANTEN", "level2": {"id": "bfce7f62-5d5a-4ddb-aa9a-1cc4f918ddf0", "fullCode": "3671", "code": "71", "name": "TANGERANG"}}} | AK89: {"id": "106eaacb-2e9d-4f2d-b436-9c1abdacd45e", "levelCount": 2, "smallestRegionLevel": "Kabupaten", "groupName": "MFD Feb25 KABUPATEN", "level": [{"id": 1, "name": "Provinsi"}, {"id": 2, "name": "Kabupaten"}]} | AL89: 1 | AM89: TRUE | AN89: [] | AO89: FALSE | AP89: FALSE | AQ89: PROVINSI
A90: d9fd13cd-da1f-489b-aff1-c8241e54e563 | B90: 28539715-1be1-450e-8d63-2e8ef0dd0596 | C90: ["CAWI"] | D90: 4 | E90: FALSE | F90: 3671 | G90: 0 | H90: DRAFT | I90: FALSE | J90: Cemilan Cimot20 | K90: Kota Tangerang | O90: 1255000491579 | T90: 2026-05-05T13:19:21.385+00:00 | U90: TRUE | V90: 0 | W90: 0 | X90: 0 | Y90: FALSE | Z90: FALSE | AA90: 0 | AB90: 0 | AC90: FALSE | AD90: cimottin@gmail.com | AE90: U-CAWI | AF90: FALSE | AG90: 2026-05-06T05:45:50.436+00:00 | AH90: [] | AI90: [] | AJ90: {"id": "bfce7f62-5d5a-4ddb-aa9a-1cc4f918ddf0", "groupId": "106eaacb-2e9d-4f2d-b436-9c1abdacd45e", "versionCode": 1.0, "dateCreated": "2025-04-26T17:20:35.094+00:00", "isActive": true, "level1": {"id": "89dde136-a5c9-4325-ab78-2d382087f68e", "fullCode": "36", "code": "36", "name": "BANTEN", "level2": {"id": "bfce7f62-5d5a-4ddb-aa9a-1cc4f918ddf0", "fullCode": "3671", "code": "71", "name": "TANGERANG"}}} | AK90: {"id": "106eaacb-2e9d-4f2d-b436-9c1abdacd45e", "levelCount": 2, "smallestRegionLevel": "Kabupaten", "groupName": "MFD Feb25 KABUPATEN", "level": [{"id": 1, "name": "Provinsi"}, {"id": 2, "name": "Kabupaten"}]} | AL90: 1 | AM90: TRUE | AN90: [] | AO90: FALSE | AP90: FALSE | AQ90: PROVINSI
A91: 12e6f6a8-08b1-4e0a-86da-10b7ce89e6ac | B91: 28539715-1be1-450e-8d63-2e8ef0dd0596 | C91: ["CAWI"] | D91: 4 | E91: FALSE | F91: 3671 | G91: 0 | H91: DRAFT | I91: FALSE | J91: Nindy Food and Cookies | K91: Jln Masjid XI Blok G No 3. Sudimara Timur. Ciledug. Tangerang | M91: Cahyani251172@gmail.com | O91: 9999999999999 | T91: 2026-05-05T13:19:37.223+00:00 | U91: TRUE | V91: 0 | W91: 0 | X91: 0 | Y91: FALSE | Z91: FALSE | AA91: 0 | AB91: 0 | AC91: FALSE | AD91: Cahyani251172@gmail.com | AE91: U-CAWI | AF91: FALSE | AG91: 2026-05-06T05:45:15.943+00:00 | AH91: [] | AI91: [] | AJ91: {"id": "bfce7f62-5d5a-4ddb-aa9a-1cc4f918ddf0", "groupId": "106eaacb-2e9d-4f2d-b436-9c1abdacd45e", "versionCode": 1.0, "dateCreated": "2025-04-26T17:20:35.094+00:00", "isActive": true, "level1": {"id": "89dde136-a5c9-4325-ab78-2d382087f68e", "fullCode": "36", "code": "36", "name": "BANTEN", "level2": {"id": "bfce7f62-5d5a-4ddb-aa9a-1cc4f918ddf0", "fullCode": "3671", "code": "71", "name": "TANGERANG"}}} | AK91: {"id": "106eaacb-2e9d-4f2d-b436-9c1abdacd45e", "levelCount": 2, "smallestRegionLevel": "Kabupaten", "groupName": "MFD Feb25 KABUPATEN", "level": [{"id": 1, "name": "Provinsi"}, {"id": 2, "name": "Kabupaten"}]} | AL91: 1 | AM91: TRUE | AN91: [] | AO91: FALSE | AP91: FALSE | AQ91: PROVINSI
A92: d43471ee-6441-46e8-9be1-9ed93c60908b | B92: 28539715-1be1-450e-8d63-2e8ef0dd0596 | C92: ["CAWI"] | D92: 4 | E92: FALSE | F92: 3671 | G92: 0 | H92: DRAFT | I92: FALSE | J92: Uum umanah | K92: Jl sawo 2 no 152 perumnas 1 karawaci.tangerang | M92: edelweissetio99@gmail.com | O92: 2806250022926 | T92: 2026-05-05T13:19:34.603+00:00 | U92: TRUE | V92: 0 | W92: 0 | X92: 0 | Y92: FALSE | Z92: FALSE | AA92: 0 | AB92: 0 | AC92: FALSE | AD92: edelweissetio99@gmail.com | AE92: U-CAWI | AF92: FALSE | AG92: 2026-05-06T05:44:35.525+00:00 | AH92: [] | AI92: [] | AJ92: {"id": "bfce7f62-5d5a-4ddb-aa9a-1cc4f918ddf0", "groupId": "106eaacb-2e9d-4f2d-b436-9c1abdacd45e", "versionCode": 1.0, "dateCreated": "2025-04-26T17:20:35.094+00:00", "isActive": true, "level1": {"id": "89dde136-a5c9-4325-ab78-2d382087f68e", "fullCode": "36", "code": "36", "name": "BANTEN", "level2": {"id": "bfce7f62-5d5a-4ddb-aa9a-1cc4f918ddf0", "fullCode": "3671", "code": "71", "name": "TANGERANG"}}} | AK92: {"id": "106eaacb-2e9d-4f2d-b436-9c1abdacd45e", "levelCount": 2, "smallestRegionLevel": "Kabupaten", "groupName": "MFD Feb25 KABUPATEN", "level": [{"id": 1, "name": "Provinsi"}, {"id": 2, "name": "Kabupaten"}]} | AL92: 1 | AM92: TRUE | AN92: [] | AO92: FALSE | AP92: FALSE | AQ92: PROVINSI
A93: c77053d5-2ef2-4bcc-8039-dc0b462291f6 | B93: 28539715-1be1-450e-8d63-2e8ef0dd0596 | C93: ["CAWI"] | D93: 4 | E93: FALSE | F93: 3671 | G93: 0 | H93: DRAFT | I93: FALSE | J93: A7S Catering | K93: Kota Tangerang | O93: 2501220058755 | T93: 2026-05-05T13:19:19.852+00:00 | U93: TRUE | V93: 0 | W93: 0 | X93: 0 | Y93: FALSE | Z93: FALSE | AA93: 0 | AB93: 0 | AC93: FALSE | AD93: ummuayyasy.180719@gmail.com | AE93: U-CAWI | AF93: FALSE | AG93: 2026-05-06T05:44:34.899+00:00 | AH93: [] | AI93: [] | AJ93: {"id": "bfce7f62-5d5a-4ddb-aa9a-1cc4f918ddf0", "groupId": "106eaacb-2e9d-4f2d-b436-9c1abdacd45e", "versionCode": 1.0, "dateCreated": "2025-04-26T17:20:35.094+00:00", "isActive": true, "level1": {"id": "89dde136-a5c9-4325-ab78-2d382087f68e", "fullCode": "36", "code": "36", "name": "BANTEN", "level2": {"id": "bfce7f62-5d5a-4ddb-aa9a-1cc4f918ddf0", "fullCode": "3671", "code": "71", "name": "TANGERANG"}}} | AK93: {"id": "106eaacb-2e9d-4f2d-b436-9c1abdacd45e", "levelCount": 2, "smallestRegionLevel": "Kabupaten", "groupName": "MFD Feb25 KABUPATEN", "level": [{"id": 1, "name": "Provinsi"}, {"id": 2, "name": "Kabupaten"}]} | AL93: 1 | AM93: TRUE | AN93: [] | AO93: FALSE | AP93: FALSE | AQ93: PROVINSI
A94: 11052a39-57cf-44c9-b1aa-cb52dea02b95 | B94: 28539715-1be1-450e-8d63-2e8ef0dd0596 | C94: ["CAWI"] | D94: 4 | E94: FALSE | F94: 3671 | G94: 0 | H94: DRAFT | I94: FALSE | J94: ILAINDO SEJUTA HOKI, PT | K94: Jl Halmahera III no 18a | M94: ilaindohoki@gmail.com | O94: 1312240102257 | T94: 2026-05-05T13:19:39.029+00:00 | U94: TRUE | V94: 0 | W94: 0 | X94: 0 | Y94: FALSE | Z94: FALSE | AA94: 0 | AB94: 0 | AC94: FALSE | AD94: ilaindohoki@gmail.com | AE94: U-CAWI | AF94: FALSE | AG94: 2026-05-06T05:44:25.749+00:00 | AH94: [] | AI94: [] | AJ94: {"id": "bfce7f62-5d5a-4ddb-aa9a-1cc4f918ddf0", "groupId": "106eaacb-2e9d-4f2d-b436-9c1abdacd45e", "versionCode": 1.0, "dateCreated": "2025-04-26T17:20:35.094+00:00", "isActive": true, "level1": {"id": "89dde136-a5c9-4325-ab78-2d382087f68e", "fullCode": "36", "code": "36", "name": "BANTEN", "level2": {"id": "bfce7f62-5d5a-4ddb-aa9a-1cc4f918ddf0", "fullCode": "3671", "code": "71", "name": "TANGERANG"}}} | AK94: {"id": "106eaacb-2e9d-4f2d-b436-9c1abdacd45e", "levelCount": 2, "smallestRegionLevel": "Kabupaten", "groupName": "MFD Feb25 KABUPATEN", "level": [{"id": 1, "name": "Provinsi"}, {"id": 2, "name": "Kabupaten"}]} | AL94: 1 | AM94: TRUE | AN94: [] | AO94: FALSE | AP94: FALSE | AQ94: PROVINSI
A95: 9b3f50d6-e988-4d8c-98c0-9498b81d614a | B95: 28539715-1be1-450e-8d63-2e8ef0dd0596 | C95: ["CAWI"] | D95: 4 | E95: FALSE | F95: 3671 | G95: 0 | H95: DRAFT | I95: FALSE | J95: Cr7almeera | K95: Jl.buana mandiri iii blok E5 no.21 | M95: arabelle171@gmail.com | O95: 1609220244819 | T95: 2026-05-05T13:19:42.107+00:00 | U95: TRUE | V95: 0 | W95: 0 | X95: 0 | Y95: FALSE | Z95: FALSE | AA95: 0 | AB95: 0 | AC95: FALSE | AD95: arabelle171@gmail.com | AE95: U-CAWI | AF95: FALSE | AG95: 2026-05-06T05:43:22.349+00:00 | AH95: [] | AI95: [] | AJ95: {"id": "bfce7f62-5d5a-4ddb-aa9a-1cc4f918ddf0", "groupId": "106eaacb-2e9d-4f2d-b436-9c1abdacd45e", "versionCode": 1.0, "dateCreated": "2025-04-26T17:20:35.094+00:00", "isActive": true, "level1": {"id": "89dde136-a5c9-4325-ab78-2d382087f68e", "fullCode": "36", "code": "36", "name": "BANTEN", "level2": {"id": "bfce7f62-5d5a-4ddb-aa9a-1cc4f918ddf0", "fullCode": "3671", "code": "71", "name": "TANGERANG"}}} | AK95: {"id": "106eaacb-2e9d-4f2d-b436-9c1abdacd45e", "levelCount": 2, "smallestRegionLevel": "Kabupaten", "groupName": "MFD Feb25 KABUPATEN", "level": [{"id": 1, "name": "Provinsi"}, {"id": 2, "name": "Kabupaten"}]} | AL95: 1 | AM95: TRUE | AN95: [] | AO95: FALSE | AP95: FALSE | AQ95: PROVINSI
A96: 7214da08-665c-469d-a5f7-4a9780fffd11 | B96: 28539715-1be1-450e-8d63-2e8ef0dd0596 | C96: ["CAWI"] | D96: 4 | E96: FALSE | F96: 3671 | G96: 0 | H96: DRAFT | I96: FALSE | J96: D'jamuin | K96: Jln.rambutan no .37A RT 03/Rw 01 | M96: Arsyafrozenfood@gmail.com | O96: 0311220020173 | T96: 2026-05-05T13:19:42.764+00:00 | U96: TRUE | V96: 0 | W96: 0 | X96: 0 | Y96: FALSE | Z96: FALSE | AA96: 0 | AB96: 0 | AC96: FALSE | AD96: Arsyafrozenfood@gmail.com | AE96: U-CAWI | AF96: FALSE | AG96: 2026-05-06T05:42:44.808+00:00 | AH96: [] | AI96: [] | AJ96: {"id": "bfce7f62-5d5a-4ddb-aa9a-1cc4f918ddf0", "groupId": "106eaacb-2e9d-4f2d-b436-9c1abdacd45e", "versionCode": 1.0, "dateCreated": "2025-04-26T17:20:35.094+00:00", "isActive": true, "level1": {"id": "89dde136-a5c9-4325-ab78-2d382087f68e", "fullCode": "36", "code": "36", "name": "BANTEN", "level2": {"id": "bfce7f62-5d5a-4ddb-aa9a-1cc4f918ddf0", "fullCode": "3671", "code": "71", "name": "TANGERANG"}}} | AK96: {"id": "106eaacb-2e9d-4f2d-b436-9c1abdacd45e", "levelCount": 2, "smallestRegionLevel": "Kabupaten", "groupName": "MFD Feb25 KABUPATEN", "level": [{"id": 1, "name": "Provinsi"}, {"id": 2, "name": "Kabupaten"}]} | AL96: 1 | AM96: TRUE | AN96: [] | AO96: FALSE | AP96: FALSE | AQ96: PROVINSI
A97: 2f556f1d-76f3-47a9-8676-5797a850be6b | B97: 28539715-1be1-450e-8d63-2e8ef0dd0596 | C97: ["CAWI"] | D97: 4 | E97: FALSE | F97: 3671 | G97: 5 | H97: SUBMITTED RESPONDENT | I97: FALSE | J97: the krawuh | K97: Jln. Simponi Raya blok B no. 1 rt06 rw06 taman cipondoh permai | M97: caknurulhuda24@gmail.com | O97: 0611240101968 | T97: 2026-05-05T13:19:37.371+00:00 | U97: TRUE | V97: 0 | W97: 0 | X97: 0 | Y97: FALSE | Z97: FALSE | AA97: 0 | AB97: 0 | AC97: TRUE | AD97: caknurulhuda24@gmail.com | AE97: U-CAWI | AF97: FALSE | AG97: 2026-05-06T05:42:37.767+00:00 | AH97: [] | AI97: [] | AJ97: {"id": "bfce7f62-5d5a-4ddb-aa9a-1cc4f918ddf0", "groupId": "106eaacb-2e9d-4f2d-b436-9c1abdacd45e", "versionCode": 1.0, "dateCreated": "2025-04-26T17:20:35.094+00:00", "isActive": true, "level1": {"id": "89dde136-a5c9-4325-ab78-2d382087f68e", "fullCode": "36", "code": "36", "name": "BANTEN", "level2": {"id": "bfce7f62-5d5a-4ddb-aa9a-1cc4f918ddf0", "fullCode": "3671", "code": "71", "name": "TANGERANG"}}} | AK97: {"id": "106eaacb-2e9d-4f2d-b436-9c1abdacd45e", "levelCount": 2, "smallestRegionLevel": "Kabupaten", "groupName": "MFD Feb25 KABUPATEN", "level": [{"id": 1, "name": "Provinsi"}, {"id": 2, "name": "Kabupaten"}]} | AL97: 1 | AM97: TRUE | AN97: [] | AO97: FALSE | AP97: FALSE | AQ97: PROVINSI
A98: 35831e94-3355-48da-a006-39c6b23b5ebb | B98: 28539715-1be1-450e-8d63-2e8ef0dd0596 | C98: ["CAWI"] | D98: 4 | E98: FALSE | F98: 3671 | G98: 0 | H98: DRAFT | I98: FALSE | J98: SAFA Aqiqah | K98: jl Sawi 2 no 42 RT 06/08 Cibodas, Cibodasari Kota Tangerang | M98: masbos.safagroups@gmail.com | T98: 2026-05-05T13:19:36.764+00:00 | U98: TRUE | V98: 0 | W98: 0 | X98: 0 | Y98: FALSE | Z98: FALSE | AA98: 0 | AB98: 0 | AC98: FALSE | AD98: masbos.safagroups@gmail.com | AE98: U-CAWI | AF98: FALSE | AG98: 2026-05-06T05:42:26.424+00:00 | AH98: [] | AI98: [] | AJ98: {"id": "bfce7f62-5d5a-4ddb-aa9a-1cc4f918ddf0", "groupId": "106eaacb-2e9d-4f2d-b436-9c1abdacd45e", "versionCode": 1.0, "dateCreated": "2025-04-26T17:20:35.094+00:00", "isActive": true, "level1": {"id": "89dde136-a5c9-4325-ab78-2d382087f68e", "fullCode": "36", "code": "36", "name": "BANTEN", "level2": {"id": "bfce7f62-5d5a-4ddb-aa9a-1cc4f918ddf0", "fullCode": "3671", "code": "71", "name": "TANGERANG"}}} | AK98: {"id": "106eaacb-2e9d-4f2d-b436-9c1abdacd45e", "levelCount": 2, "smallestRegionLevel": "Kabupaten", "groupName": "MFD Feb25 KABUPATEN", "level": [{"id": 1, "name": "Provinsi"}, {"id": 2, "name": "Kabupaten"}]} | AL98: 1 | AM98: TRUE | AN98: [] | AO98: FALSE | AP98: FALSE | AQ98: PROVINSI
A99: ec20b375-7b91-4291-bc90-0d662668ffe6 | B99: 28539715-1be1-450e-8d63-2e8ef0dd0596 | C99: ["CAWI"] | D99: 4 | E99: FALSE | F99: 3671 | G99: 0 | H99: DRAFT | I99: FALSE | J99: Dimsum goreng | K99: Poris gaga baru Gg an nur 1 rt 03/01 batu ceper tangerang | M99: sandafiryal62@gmail.com | T99: 2026-05-05T13:19:33.687+00:00 | U99: TRUE | V99: 0 | W99: 0 | X99: 0 | Y99: FALSE | Z99: FALSE | AA99: 0 | AB99: 0 | AC99: FALSE | AD99: sandafiryal62@gmail.com | AE99: U-CAWI | AF99: FALSE | AG99: 2026-05-06T05:42:06.966+00:00 | AH99: [] | AI99: [] | AJ99: {"id": "bfce7f62-5d5a-4ddb-aa9a-1cc4f918ddf0", "groupId": "106eaacb-2e9d-4f2d-b436-9c1abdacd45e", "versionCode": 1.0, "dateCreated": "2025-04-26T17:20:35.094+00:00", "isActive": true, "level1": {"id": "89dde136-a5c9-4325-ab78-2d382087f68e", "fullCode": "36", "code": "36", "name": "BANTEN", "level2": {"id": "bfce7f62-5d5a-4ddb-aa9a-1cc4f918ddf0", "fullCode": "3671", "code": "71", "name": "TANGERANG"}}} | AK99: {"id": "106eaacb-2e9d-4f2d-b436-9c1abdacd45e", "levelCount": 2, "smallestRegionLevel": "Kabupaten", "groupName": "MFD Feb25 KABUPATEN", "level": [{"id": 1, "name": "Provinsi"}, {"id": 2, "name": "Kabupaten"}]} | AL99: 1 | AM99: TRUE | AN99: [] | AO99: FALSE | AP99: FALSE | AQ99: PROVINSI
A100: f8cdd9e9-2fb5-4ce2-aca2-fdb43ae48b85 | B100: 28539715-1be1-450e-8d63-2e8ef0dd0596 | C100: ["CAWI"] | D100: 4 | E100: FALSE | F100: 3671 | G100: 0 | H100: DRAFT | I100: FALSE | J100: Ayam geprek sambel judes mbun azka | K100: Jl halim perdana kusuma rt01/03 jurumudi baru benda tangerang banten | M100: marjinemmarjinem@gmail.com | O100: 240 | T100: 2026-05-05T13:19:34.296+00:00 | U100: TRUE | V100: 0 | W100: 0 | X100: 0 | Y100: FALSE | Z100: FALSE | AA100: 0 | AB100: 0 | AC100: FALSE | AD100: marjinemmarjinem@gmail.com | AE100: U-CAWI | AF100: FALSE | AG100: 2026-05-06T05:41:36.655+00:00 | AH100: [] | AI100: [] | AJ100: {"id": "bfce7f62-5d5a-4ddb-aa9a-1cc4f918ddf0", "groupId": "106eaacb-2e9d-4f2d-b436-9c1abdacd45e", "versionCode": 1.0, "dateCreated": "2025-04-26T17:20:35.094+00:00", "isActive": true, "level1": {"id": "89dde136-a5c9-4325-ab78-2d382087f68e", "fullCode": "36", "code": "36", "name": "BANTEN", "level2": {"id": "bfce7f62-5d5a-4ddb-aa9a-1cc4f918ddf0", "fullCode": "3671", "code": "71", "name": "TANGERANG"}}} | AK100: {"id": "106eaacb-2e9d-4f2d-b436-9c1abdacd45e", "levelCount": 2, "smallestRegionLevel": "Kabupaten", "groupName": "MFD Feb25 KABUPATEN", "level": [{"id": 1, "name": "Provinsi"}, {"id": 2, "name": "Kabupaten"}]} | AL100: 1 | AM100: TRUE | AN100: [] | AO100: FALSE | AP100: FALSE | AQ100: PROVINSI
...

Sheet target
A1: Column1 | B1: Nama | C1: NIB | D1: email
A2: 1 | B2: Dewan Kerajinan Nasional-Daerah Banten (Dekranas-da Banten) | D2: regarbanten1971@gmail.com
A3: 2 | B3: Kamar Dagang Indonesia-Banten (KADIN Banten) | D3: kadinbanten@gmail.com
A4: 3 | B4: Gabungan Pengusaha Konstruksi Indonesia- Banten (Gapensi Banten) | D4: gapensibanten28@gmail.com
A5: 4 | B5: Himpunan Wiraswasta Nasional Minyak dan Gas - Banten (Hiswana Migas Banten)
A6: 5 | B6: Persatuan Radio Siaran Swasta Nasional Indonesia - Banten (PRSSNI Banten)
A7: 6 | B7: Dewan Koperasi Indonesia - Banten (Dekopin Banten)
A8: 7 | B8: Pengusaha Indonesia (Apindo)-Banten
A9: 8 | B9: PT Banten West Java Tourism Development (Pengelola Kawasan Ekonomi Khusus (KEK) Tanjung Lesung) | D9: Bantenwestjava@gmail.com
A10: 9 | B10: PT. Mitratangerang Bhumimas (Pengelola Kawasan Industri & Pergudangan Cikupamas) | D10: lingkungan@multisatuutama.com
A11: 10 | B11: PT. Griya Tirta Asri (Pengelola Kawasan Griya Idola Industrial Park) | D11: agung@gta.barito.co.id
A12: 11 | B12: PT. Blessindo Intiland (Pengelola Kawasan Industri Blessindo) | D12: audrea.ddjo@gmail.com dan linda_bil@yahoo.com
A13: 12 | B13: PT. Putera Daya Perkasa (Pengelola Kawasan Industri Pasar Kemis) | D13: puteradayaperkasa1980@gmail.com
A14: 13 | B14: PT. Nuraiti Tjermin (Pengelola Kawasan Industri Royal Kosambi) | D14: pergudanganroyalkosambi@gmail.com
A15: 14 | B15: PT. Irama Gemilang Lestari (Pengelola Kawasan Industri Sumber Rezeki) | D15: pt.iramagemilanglestari@gmail.com
A16: 15 | B16: PT. Angkasa Pancabersaudara (Pengelola Kawasan Pergudangan Dan Industri Kosambi Permai) | D16: pergudanganroyalkosambi@gmail.com
A17: 16 | B17: PT. Astasiti Mahadhana (Pengelola Kawasan Taman Industri Busan (KIKM)) | D17: astasiti.mahadhana@gmail.com
A18: 17 | B18: PT. Bangun Laksana Persada (Pengelola Kawasan Laksana Business Park) | D18: harianto.widjaja@agungintiland.com
A19: 18 | B19: PT. Bumi Citra Permai (Pengelola Kawasan Millenium Industrial Estate) | D19: ahmadsyaepudin99@gmail.com
A20: 19 | B20: PT. Surya Inter Wisesa (Pengelola Kawasan Ekonomi Khusus Pendidikan, Teknologi, Dan Kesehatan Internasional Banten) | D20: admin.kek@sinarmasland.com
... A25: 24 | B25: PT. Pancapuri Indoperkasa (Kawasan Industri Pancapuri) | D25: pmi.priana1462@gmail.com
A26: 25 | B26: PT. Krakatau Sarana Infrastruktur (Pengelola Kawasan Krakatau Industrial Estate Cilegon)
A27: 26 | B27: PT. Bumi Serpong Damai (Pengelola Kawasan Industri Pergudang Taman Tekno BSD) | D27: sulas@sinarmasland.com
A28: 27 | B28: PT. Chandra Asri Petrochemical (Kimia), Kota Cilegon | D28: annizah.gerhana@capcx.com
A29: 28 | B29: PT. Lestari Banten Energi (Listrik), Kab. Serang | D29: aris.sarwoko@gentingenergy.com
A30: 29 | B30: PT. Victory Chingluh (industri Alas kaki) Kab Tangerang | D30: noertyas.lazuardi@chingluh.com
A31: 30 | B31: PT. Modern Industrial Estate, Pengelola KI Modern Cikande Kab Serang | D31: indri.amrulloh@modernland.co.id
A32: 31 | B32: PT. Sauh Bahtera Samudera, Perusahaan Air Bersih Kota Serang | D32: wtp@sauhbahtera.co.id
A33: 32 | B33: JHL Solitaire Hotel Gading Serpong | D33: dm.sgs@jhlcollections.com
A34: 33 | B34: PT. Soll Marina (Grand Soll Marina Hotel) | D34: gm.gsmh@sollmarinahotel.com
A35: 34 | B35: Horison Ultima Ratu | D35: fom.ratuserang@horisonultimahotels.com
A36: 35 | B36: Aviary Bintaro (PT. SUMAMPAU PEMBANGUNAN LESTARI) | D36: ricky.wijaya@aviaryhotel.com cc ade@aviaryhotel.com
A37: 36 | B37: Perhimpunan Hotel dan Restoran Indonesia- Banten (PHRI Banten) | D37: bpdbanten@phri.or.id
A38: 37 | B38: Universitas Sultan Ageng Tirtayasa | D38: humas@untirta.ac.id
... A49: 48 | B49: Polyplast Dwiputra Pratama | D49: marketing@dp-chemicals.com
A50: 49 | B50: PT. Jabar Utama Wood Industry
A51: 50 | B51: Tanjung Lesung
A52: 51 | B52: Yayasan Sahabat Quran Banten
A53: 1 | B53: UNIVERSITAS FALETEHAN
A54: 2 | B54: INSTITUT KEMANDIRIAN NUSANTARA (IKNUS)
A55: 3 | B55: STISIP BANTEN RAYA
A56: 4 | B56: STKIP BABUNNAJAH PANDEGLANG
A57: 5 | B57: STKIP MUTIARA BANTEN
A58: 6 | B58: AKADEMI KEPERAWATAN YATNA YUANA LEBAK
A59: 7 | B59: AMIK WIRA NUSANTARA
A60: 8 | B60: UNIVERSITAS SETIA BUDHI RANGKASBITUNG | D60: humas@usbr.ac.id
A61: 9 | B61: POLITEKNIK KIRANA
A62: 10 | B62: POLITEKNIK TUNAS PEMUDA
A63: 11 | B63: SEKOLAH TINGGI BAHASA ASING TECHNOCRAT
A64: 12 | B64: SEKOLAH TINGGI ILMU EKONOMI PPI
A65: 13 | B65: STISIP BANTEN RAYA
A66: 14 | B66: STIKES FAATHIR HUSADA | D66: stikesfaathirhusada@gmail.com
A67: 15 | B67: STT INTERNASIONAL HARVEST TANGERANG
A68: 16 | B68: UNIVERSITAS INSAN PEMBANGUNAN INDONESIA | D68: info@unipem.ac.id
A69: 17 | B69: UNIVERSITAS LINTAS INTERNASIONAL INDONESIA
A70: 18 | B70: UNIVERSITAS TANGERANG RAYA
A71: 19 | B71: POLITEKNIK INDUSTRI PETROKIMIA BANTEN
A72: 20 | B72: POLITEKNIK KESEHATAN AISYIYAH BANTEN | D72: info@polisa.ac.id
A73: 21 | B73: POLITEKNIK PGRI BANTEN | D73: mila@politeknikpgribanten.ac.id
A74: 22 | B74: POLITEKNIK PIKSI INPUT SERANG
A75: 23 | B75: SEKOLAH TINGGI ANALIS KIMIA CILEGON
A76: 24 | B76: SEKOLAH TINGGI ILMU EKONOMI DWIMULYA
A77: 25 | B77: SEKOLAH TINGGI TEKNOLOGI FATAHILLAH CILEGON
A78: 26 | B78: AKADEMI KEBIDANAN SENTRA BINA YUDISTIRA TANGERANG
A79: 27 | B79: AMIK MAPAN TANGERANG
A80: 28 | B80: INSTITUT TEKNOLOGI DAN BISNIS BINA SARANA GLOBAL | C80: 265010231748 | D80: hrd@global.ac.id
A81: 29 | B81: POLITEKNIK PENGAYOMAN INDONESIA
A82: 30 | B82: SEKOLAH TINGGI ILMU HUKUM GUNUNG JATI
A83: 31 | B83: SEKOLAH TINGGI METEOROLOGI KLIMATOLOGI DAN GEOFISIKA
A84: 32 | B84: STMIK ANTAR BANGSA
A85: 33 | B85: STMIK MASA DEPAN
A86: 34 | B86: STMIK PGRI TANGERANG
A87: 35 | B87: STT PELITA DUNIA BANTEN
A88: 36 | B88: STT PRESBYTERIAN INDONESIA
A89: 37 | B89: UNIVERSITAS BUDDHI DHARMA
A90: 38 | B90: UNIVERSITAS RAHARJA
A91: 39 | B91: UNIVERSITAS SALAKANAGARA
A92: 40 | B92: UNIVERSITAS YATSI MADANI
... A115: 63 | B115: UNIVERSITAS SERANG RAYA
A116: 64 | B116: UNIVERSITAS PAMULANG | D116: humas@unpam.ac.id
A117: 65 | B117: UNIVERSITAS ISLAM SYEKH-YUSUF | D117: rektorat@unis.ac.id
A118: 66 | B118: UNIVERSITAS MUHAMMADIYAH TANGERANG | D118: info@umt.ac.id
A119: 67 | B119: STIKES ANDALUSIA
A120: 68 | B120: UNIVERSITAS MATANA | D120: LPM@matanauniversity.ac.id
A121: 69 | B121: UNIVERSITAS DHARMA INDONESIA
A122: 70 | B122: UNIVERSITAS MATHLA'UL ANWAR
A123: 71 | B123: UNIVERSITAS YARSI PRATAMA
A124: 72 | B124: SEKOLAH TINGGI AGAMA ISLAM DARUL QALAM TANGERABG
A125: 73 | B125: Universitas Buddhi Dharma
A126: 74 | B126: INSTITUT TEKNOLOGI DAN BISNIS BANTEN
A127: 75 | B127: SEKOLAH TINGGI TEKNOLOGI FATAHILLAH CILEGON
A128: 76 | B128: INSTITUT TEKNOLOGI INDONESIA
A129: 1 | B129: Sekar Jaffe
A130: 2 | B130: Yuyummy
A131: 3 | B131: Pempek Cek Nenot
A132: 4 | B132: Neng Cewe
... A291: 163 | B291: Mie Ayam Garuda
A292: 1 | B292: KOPERASI KELURAHAN MERAH PUTIH TEGALRATU KECAMATAN CIWANDAN | C292: 307250065852 | D292: kmptegalratu@gmail.com
A293: 2 | B293: KOPERASI KELURAHAN MERAH PUTIH GUNUNGSUGIH KECAMATAN CIWANDAN | C293: 2406250117005 | D293: kkmpgunungsugihkecamatanciwand@gmail.com
A294: 3 | B294: KOPERASI KELURAHAN MERAH PUTIH KEPUH KECAMATAN CIWANDAN
...

Sheet Sheet3
B3: =VLOOKUP(Sheet1!J2,target!$B$2:$B$369,1,) -> PT. Nicomas Gemilang (Pengelola Kawasan Industri Nikomas Gemilang)
B4: =VLOOKUP(Sheet1!J3,target!$B$2:$B$369,1,) -> #N/A | K4: =COUNT(B3:B395) -> 0
B5: =VLOOKUP(Sheet1!J4,target!$B$2:$B$369,1,) -> UNIVERSITAS ICHSAN SATYA | K5: =SUMPRODUCT(--ISNA(B3:B395)) -> 123
B6: =VLOOKUP(Sheet1!J5,target!$B$2:$B$369,1,) -> #N/A | K6: =395-3+1-123 -> 270
B7: =VLOOKUP(Sheet1!J6,target!$B$2:$B$369,1,) -> #N/A
B8: =VLOOKUP(Sheet1!J7,target!$B$2:$B$369,1,) -> #N/A
B9: =VLOOKUP(Sheet1!J8,target!$B$2:$B$369,1,) -> Universitas Bina Bangsa
B10: =VLOOKUP(Sheet1!J9,target!$B$2:$B$369,1,) -> UNIVERSITAS PAMULANG
B11: =VLOOKUP(Sheet1!J10,target!$B$2:$B$369,1,) -> INSTITUT TEKNOLOGI DAN BISNIS BINA SARANA GLOBAL
B12: =VLOOKUP(Sheet1!J11,target!$B$2:$B$369,1,) -> #N/A
B13: =VLOOKUP(Sheet1!J12,target!$B$2:$B$369,1,) -> #N/A
B14: =VLOOKUP(Sheet1!J13,target!$B$2:$B$369,1,) -> #N/A
B15: =VLOOKUP(Sheet1!J14,target!$B$2:$B$369,1,) -> #N/A
B16: =VLOOKUP(Sheet1!J15,target!$B$2:$B$369,1,) -> #N/A
B17: =VLOOKUP(Sheet1!J16,target!$B$2:$B$369,1,) -> #N/A
B18: =VLOOKUP(Sheet1!J17,target!$B$2:$B$369,1,) -> POLITEKNIK PGRI BANTEN
... B395: =VLOOKUP(Sheet1!J394,target!$B$2:$B$369,1,) -> #N/A
